key,de
"account.accountArea","Kontobereich"
"account.active","Aktiv"
"account.address","Adresse"
"account.confirmDeleteAddress","""{address}"" löschen?"
"account.confirmRevokeSession","Diese Sitzung beenden?"
"account.domain","Domain"
"account.flashAddressDeleted","Adresse gelöscht"
"account.flashAddressRenewed","Adresse verlängert"
"account.flashAddressUpdated","Adresse aktualisiert"
"account.flashAvatarUpdated","Profilfoto aktualisiert"
"account.flashCodeReady","Verifizierungscode bereit"
"account.flashCodeRequired","Verifizierungscode erforderlich"
"account.flashEmailRequired","E-Mail erforderlich"
"account.flashEmailUnchanged","E-Mail unverändert"
"account.flashEmailUpdated","E-Mail aktualisiert"
"account.flashFavAdded","Favoriten-Domain hinzugefügt"
"account.flashFavRemoved","Favoriten-Domain entfernt"
"account.flashPasswordChanged","Passwort geändert"
"account.flashPasswordFields","Alle Passwortfelder ausfüllen"
"account.flashPasswordMismatch","Neue Passwörter stimmen nicht überein"
"account.flashPrefsUpdated","Einstellungen aktualisiert"
"account.flashProfileUpdated","Profil aktualisiert"
"account.flashSessionRevoked","Sitzung beendet"
"account.flashUsernameLocked","Benutzername kann nur einmal geändert werden"
"account.flashUsernameRequired","Benutzername ist erforderlich"
"account.guestDescription","Sie können die App ohne Anmeldung verwenden. Erstellen Sie ein Konto für Zugriff auf Profil, Sicherheit und Einstellungen."
"account.guestTitle","Gastbenutzer"
"account.logout","Abmelden"
"account.mail","E-Mail"
"account.noHistory","Noch kein Adressverlauf."
"account.noPassworded","Keine passwortgeschützten E-Mails."
"account.open","Öffnen"
"account.passwordedList","Alle passwortgeschützten E-Mails"
"account.passwordedListHint","Adressen, die mit Passwort geöffnet wurden"
"account.plan","Tarif"
"account.ready","Bereit"
"account.recentUsed","Zuletzt"
"account.recentUsedHint","Ihre zuletzt geöffneten Adressen"
"account.settings","Einstellungen"
"account.subtitle","Kurzer Status, Nutzung und letzte Aktivität"
"account.title","Kontozusammenfassung"
"account.usage","Nutzung"
"accountModal.accountNote","Kontonotiz"
"accountModal.active","Aktiv"
"accountModal.addressLimit","Adresslimit"
"accountModal.adminUnlimited","Administrator-Berechtigungen scheinen unbegrenzt."
"accountModal.allPasswordedEmails","Alle passwortgeschützten E-Mails"
"accountModal.allPasswordedEmpty","Keine passwortgeschützten E-Mails gefunden."
"accountModal.appearance","Darstellung"
"accountModal.billingUnit","Abrechnungseinheit"
"accountModal.changePassword","Passwort ändern"
"accountModal.changePasswordNote","Passwortänderungen werden über dieses Fenster verwaltet."
"accountModal.close","Schließen"
"accountModal.cooldownActive","Abkühlphase aktiv"
"accountModal.currentPassword","Aktuelles Passwort"
"accountModal.currentSession","Diese Sitzung"
"accountModal.defaultDomain","Standard-Domain"
"accountModal.displayName","Anzeigename"
"accountModal.editable","Bearbeitbar"
"accountModal.email","E-Mail"
"accountModal.emailChange","E-Mail-Änderung"
"accountModal.emailVerifyNote","E-Mail-Änderung erfordert einen Verifizierungscode."
"accountModal.expiring","Laufende Adressen"
"accountModal.expiringDesc","Erinnerung für Adressen erhalten, die bald geschlossen werden."
"accountModal.favoriteAddress","Favoriten-Adresse"
"accountModal.favoriteDomains","Favoriten-Domains"
"accountModal.generalSubtitle","Häufigste Einstellungen in diesem Popup schnell ändern."
"accountModal.generalTitle","Darstellung und Standards"
"accountModal.language","Sprache"
"accountModal.lastActive","Zuletzt aktiv"
"accountModal.limitsTitle","Nutzung und Tarif"
"accountModal.locked","Gesperrt"
"accountModal.loginFail","Fehlgeschlagen"
"accountModal.loginHistory","Anmeldeverlauf"
"accountModal.loginSuccess","Erfolg"
"accountModal.mailCount","E-Mail-Anzahl"
"accountModal.mailRetention","E-Mail-Aufbewahrungszeit"
"accountModal.newMail","Neue E-Mail-Benachrichtigungen"
"accountModal.newMailDesc","Mich benachrichtigen, wenn eine neue Nachricht eingeht."
"accountModal.newPassword","Neues Passwort"
"accountModal.newPasswordRepeat","Neues Passwort wiederholen"
"accountModal.noDomains","Keine Domains."
"accountModal.noLoginHistory","Kein Anmeldeverlauf gefunden."
"accountModal.noSessions","Keine aktiven Sitzungen gefunden."
"accountModal.notificationPrefs","Benachrichtigungseinstellungen"
"accountModal.notificationSound","Benachrichtigungston"
"accountModal.notifications","Benachrichtigungseinstellungen"
"accountModal.otp","OTP-Benachrichtigungen"
"accountModal.otpNotification","OTP-Benachrichtigungen"
"accountModal.otpNotificationDesc","Besondere Benachrichtigungen für Einmalcodes anzeigen."
"accountModal.packageLimits","Limits werden pro Paket angezeigt."
"accountModal.pendingEmail","Ausstehende E-Mail"
"accountModal.planTitle","Tarif"
"accountModal.preview","Vorschau"
"accountModal.profilePhoto","Foto hochladen"
"accountModal.profileSave","Profil speichern"
"accountModal.profileTitle","Kontodetails"
"accountModal.quickSave","Speichern"
"accountModal.quickStatus","Kurzer Status"
"accountModal.quotaUsed","Adresskontingent genutzt"
"accountModal.ready","Bereit"
"accountModal.refresh","Aktualisieren"
"accountModal.reset","Zurücksetzen"
"accountModal.retention","E-Mail-Aufbewahrung"
"accountModal.retentionAndSound","Aufbewahrung und Ton"
"accountModal.securityAlerts","Sicherheitswarnungen"
"accountModal.securityAlertsDesc","Mich über verdächtige Anmeldungen benachrichtigen."
"accountModal.securityStatus","Sicherheitsstatus"
"accountModal.selectOption","Auswählen"
"accountModal.sessionsCloseNote","Tab zum Schließen von Anmeldungen."
"accountModal.sessionsHint","Sie können hier offene Geräte schließen."
"accountModal.sessionsTitle","Aktive Sitzungen"
"accountModal.statAddress","Adresse"
"accountModal.statFavoriteDomain","Favoriten-Domain"
"accountModal.statMail","E-Mail"
"accountModal.subtitle","Bearbeitungszentrale"
"accountModal.suspicious","Verdächtig"
"accountModal.tabs.general","Allgemein"
"accountModal.tabs.preferences","Einstellungen"
"accountModal.tabs.profile","Profil"
"accountModal.tabs.security","Sicherheit"
"accountModal.tabs.sessions","Sitzungen"
"accountModal.tabs.usage","Nutzung"
"accountModal.tabsSubtitle.general","Darstellung und Grundeinstellungen"
"accountModal.tabsSubtitle.preferences","Benachrichtigungen und Domains"
"accountModal.tabsSubtitle.profile","Name, E-Mail und Foto"
"accountModal.tabsSubtitle.security","Passwort und Kontoschutz"
"accountModal.tabsSubtitle.sessions","Geräte und Anmeldungen"
"accountModal.tabsSubtitle.usage","Tarif und Kontingent-Info"
"accountModal.themeDark","Dunkel"
"accountModal.themeLight","Hell"
"accountModal.themeSystem","System"
"accountModal.tipBody","Sie können Tabs ohne Speichern wechseln. Profil und Sicherheit funktionieren direkt in diesem Fenster."
"accountModal.tipTitle","Tipp"
"accountModal.title","Kontoeinstellungen"
"accountModal.updatePassword","Passwort aktualisieren"
"accountModal.upgradeLimit","Limit erhöhen"
"accountModal.upgradeable","Erweiterbar"
"accountModal.used","Verwendet"
"accountModal.usedDomain","Verwendete Domains"
"accountModal.username","Benutzername"
"accountModal.usernameOnce","Einmal verwendbar"
"accountModal.usernameRight","Benutzername recht"
"addressBar.activeBadge","Aktiv"
"addressBar.activeProtected","Adresse ist aktiv und passwortgeschützt"
"addressBar.activeReady","Adresse ist aktiv und einsatzbereit"
"addressBar.chooseDomain","Domain wählen"
"addressBar.confirmRandomSubtitle","Eine neue Adresse wird erstellt und die aktuelle wird nicht gespeichert."
"addressBar.confirmRandomTitle","Zufällige Adresse generieren?"
"addressBar.confirmRefreshSubtitle","Eine neue Adresse wird erstellt und Ihre aktuelle Adresse wird ersetzt."
"addressBar.confirmRefreshTitle","Diese Adresse aktualisieren?"
"addressBar.copied","Kopiert"
"addressBar.copy","Kopieren"
"addressBar.domainsLoadError","Domänenliste konnte nicht geladen werden. Aktualisieren Sie die Seite oder versuchen Sie es später erneut."
"addressBar.hoursAgo","{n} Std."
"addressBar.justNow","gerade eben"
"addressBar.loadingAction","Vorbereitung..."
"addressBar.mainDomain","Hauptdomain"
"addressBar.minutesAgo","{n} Min."
"addressBar.noDomain","Noch keine Domains"
"addressBar.noDomainsHint","Es wurden noch keine Domains hinzugefügt. Fügen Sie eine im Admin-Panel hinzu."
"addressBar.noHistory","Noch kein Adressverlauf."
"addressBar.noPassworded","Keine passwortgeschützten Adressen."
"addressBar.noSubdomains","Noch keine Subdomains hinzugefügt"
"addressBar.openAddress","Adresse öffnen"
"addressBar.passwordedBadge","Passwortgeschützt"
"addressBar.passwordedList","Alle passwortgeschützten E-Mails"
"addressBar.protect","Schützen"
"addressBar.random","Zufällig"
"addressBar.recentHint","Ihre zuletzt geöffneten Adressen"
"addressBar.recentUsed","Zuletzt"
"addressBar.refresh","Aktualisieren"
"addressBar.safeSubtitle","E-Mails werden anonym und verschlüsselt empfangen."
"addressBar.safeTitle","Bereit und sicher"
"addressBar.selected","Ausgewählt"
"addressBar.subtitle","Ihre Adresse wird sofort aktiv und Nachrichten treffen im Posteingang unten ein."
"addressBar.title","Ihre temporäre E-Mail-Adresse"
"admin.actions.addDomain","Domain hinzufügen"
"admin.actions.cleanup","Bereinigung"
"admin.actions.export","Exportieren"
"admin.activity.addressCreated","Adresse erstellt"
"admin.activity.domainActive","Domain aktiv"
"admin.activity.domainInactive","Domain inaktiv"
"admin.activity.requestApproved","Anfrage genehmigt"
"admin.activity.requestPending","Anfrage ausstehend"
"admin.activity.requestRejected","Anfrage abgelehnt"
"admin.common.active","Aktiv"
"admin.common.attachment","Anhang"
"admin.common.closed","Geschlossen"
"admin.common.copy","Kopieren"
"admin.common.copyOtp","OTP kopieren"
"admin.common.htmlContent","(HTML-Inhalt)"
"admin.common.no","Nein"
"admin.common.noSubject","(Kein Betreff)"
"admin.common.open","Öffnen"
"admin.common.waiting","Wartend"
"admin.common.yes","Ja"
"admin.confirm.cleanupAddress","E-Mail-Verlauf für {address} löschen?"
"admin.confirm.cleanupAll","Alle abgelaufenen Daten bereinigen?"
"admin.confirm.deleteAddress","{address} endgültig löschen?"
"admin.confirm.deleteDomain","{name} löschen?"
"admin.confirm.deleteMail","Diese E-Mail löschen?"
"admin.confirm.deleteSubdomain","Subdomain {name} löschen?"
"admin.detail.addressId","Adress-ID"
"admin.detail.attachmentMails","E-Mails mit Anhängen"
"admin.detail.autoCleanup","Automatische Bereinigung"
"admin.detail.back","Zurück"
"admin.detail.clearHistory","Verlauf löschen"
"admin.detail.clearMailHistory","E-Mail-Verlauf löschen"
"admin.detail.copyAddress","Adresse kopieren"
"admin.detail.created","Erstellt"
"admin.detail.currentStatus","Aktueller Status"
"admin.detail.deleteAddress","Adresse löschen"
"admin.detail.detectedVerification","Verifizierung erkannt"
"admin.detail.emptyMailboxSubtitle","Noch keine E-Mail an dieser Adresse empfangen."
"admin.detail.emptyMailboxTitle","Postfach leer"
"admin.detail.generalInfo","Allgemeine Infos"
"admin.detail.incomingContent","Eingehender Inhalt"
"admin.detail.incomingMails","Eingehende E-Mails"
"admin.detail.ipSession","IP / Sitzung"
"admin.detail.lastAccess","Letzter Zugriff"
"admin.detail.lastActivity","Letzte Aktivität"
"admin.detail.linkedDomain","Verknüpfte Domain"
"admin.detail.noOtpSubtitle","Noch kein OTP in E-Mails für diese Adresse erkannt."
"admin.detail.noOtpTitle","Keine OTP-Einträge"
"admin.detail.notTracked","Nicht verfolgt"
"admin.detail.openAccess","Offener Zugriff"
"admin.detail.otpCodes","OTP-Codes"
"admin.detail.otpCount","OTP-Anzahl"
"admin.detail.otpHistory","OTP-Verlauf"
"admin.detail.passwordProtected","Passwortgeschützt"
"admin.detail.passwordProtection","Passwortschutz"
"admin.detail.retention","Aufbewahrung"
"admin.detail.retentionPeriod","Aufbewahrungszeitraum"
"admin.detail.securityActions","Sicherheit & Aktionen"
"admin.detail.selectMailSubtitle","Klicken Sie auf das Augensymbol in der Tabelle, um Details zu sehen."
"admin.detail.selectMailTitle","E-Mail auswählen"
"admin.detail.statistics","Statistiken"
"admin.detail.status","Status"
"admin.detail.subtitle","Postfach-Audit und Verlauf"
"admin.detail.totalOtpRecords","OTP-Einträge gesamt"
"admin.detail.username","Benutzername"
"admin.dns.noteA","A-Eintrag verweist den Hostnamen auf die Server-IP"
"admin.dns.noteDkim","DKIM-Signierschlüssel"
"admin.dns.noteDmarc","DMARC-Richtlinie"
"admin.dns.noteMx","MX-Eintrag leitet E-Mail-Verkehr zu diesem Hostnamen"
"admin.dns.noteSpf","SPF autorisiert den sendenden Server"
"admin.dns.noteVerification","Verifizierung der Domaininhaberschaft"
"admin.errors.authRequired","Administrator-Zugriff erforderlich"
"admin.errors.endpointMissing","Endpunkt nicht gefunden"
"admin.errors.ipRequired","Gültige IP eingeben"
"admin.errors.mailDetailFailed","E-Mail-Detail konnte nicht geladen werden"
"admin.errors.requestFailed","Anfrage fehlgeschlagen"
"admin.flash.addressCleaned","Adressverlauf gelöscht"
"admin.flash.addressDeleted","Adresse gelöscht"
"admin.flash.allDnsCopied","Alle DNS-Werte kopiert"
"admin.flash.bulkDisabled","Massenzugriff deaktiviert"
"admin.flash.bulkEnabled","Massenzugriff aktiviert"
"admin.flash.cleanupDone","Bereinigung abgeschlossen"
"admin.flash.copied","Kopiert"
"admin.flash.copyFailed","Kopieren fehlgeschlagen"
"admin.flash.dnsRefreshed","DNS-Verifizierung aktualisiert"
"admin.flash.domainActivated","Domain aktiviert"
"admin.flash.domainAdded","""{domain}"" hinzugefügt"
"admin.flash.domainAddedWildcard"," (Wildcard aktiv)"
"admin.flash.domainDeactivated","Domain deaktiviert"
"admin.flash.domainDeleted","""{name}"" gelöscht"
"admin.flash.domainUpdated","Domain aktualisiert"
"admin.flash.exported","Export heruntergeladen"
"admin.flash.loginSuccess","Admin-Anmeldung erfolgreich"
"admin.flash.mailDeleted","E-Mail gelöscht"
"admin.flash.packageUpdated","Paket aktualisiert"
"admin.flash.recordCopied","{title} kopiert"
"admin.flash.requestApproved","Anfrage genehmigt"
"admin.flash.requestRejected","Anfrage abgelehnt"
"admin.flash.roleUpdated","Rolle aktualisiert"
"admin.flash.subdomainAdded","""{domain}"" Subdomain hinzugefügt"
"admin.flash.subdomainDeleted","""{name}"" Subdomain gelöscht"
"admin.flash.userActivated","Benutzer aktiviert"
"admin.flash.userDeactivated","Benutzer deaktiviert"
"admin.hero.eyebrow","Kontrollzentrum"
"admin.hero.subtitle","MS Temp Mail Systemverwaltung, Live-Statistiken und Abläufe."
"admin.hero.title","Admin-Panel"
"admin.login.defaultPassword","Standard:"
"admin.login.loading","Prüfung…"
"admin.login.passwordLabel","Administrator-Passwort"
"admin.login.submit","Anmelden"
"admin.login.subtitle","Mit Administrator-Zugangsdaten fortfahren"
"admin.login.title","Admin-Panel"
"admin.mix.attachment","Anhang"
"admin.mix.normal","Normal"
"admin.stats.activeDomains","Aktive Domains"
"admin.stats.allTime","Gesamtzeit"
"admin.stats.last24h","Letzte 24 Stunden"
"admin.stats.newMessages","Neue eingehende E-Mails"
"admin.stats.protectedCount","Passwortgeschützt: {count}"
"admin.stats.totalAddresses","Adressen gesamt"
"admin.stats.totalDomains","Gesamt: {count}"
"admin.stats.totalMail","E-Mails gesamt"
"admin.system.activeDomains","Aktive Domains"
"admin.system.adminSession","Admin-Sitzung"
"admin.system.cleanupPolicy","Bereinigungsrichtlinie"
"admin.system.cleanupPolicyValue","Automatisch + manuell"
"admin.system.protectedMailbox","Geschützte Postfächer"
"admin.system.smtpFlow","SMTP-Ablauf"
"admin.table.action","Aktion"
"admin.table.date","Datum"
"admin.table.sender","Absender"
"admin.table.subject","Betreff"
"admin.table.tag","Tag"
"admin.tabs.addresses","Adressen"
"admin.tabs.bulk","Massen-Pools"
"admin.tabs.dashboard","Dashboard"
"admin.tabs.domains","Domains"
"admin.tabs.emails","E-Mails"
"admin.tabs.requests","Anfragen"
"admin.tabs.settings","Einstellungen"
"admin.tabs.users","Benutzer"
"admin.ui.addr.active","Aktive Adressen"
"admin.ui.addr.activeHint","Letzter Zugriff oder E-Mail vorhanden"
"admin.ui.addr.all","Alle Adressen"
"admin.ui.addr.clearFilter","Filter löschen"
"admin.ui.addr.colActions","Aktionen"
"admin.ui.addr.colActivity","Letzte Aktivität"
"admin.ui.addr.colCreated","Erstellt"
"admin.ui.addr.colDomain","Domain"
"admin.ui.addr.colEmail","E-Mail-Adresse"
"admin.ui.addr.colMailCount","E-Mail-Anzahl"
"admin.ui.addr.colRetention","Aufbewahrung"
"admin.ui.addr.colStatus","Status"
"admin.ui.addr.emptySubtitle","Suche und Filter löschen und erneut versuchen."
"admin.ui.addr.emptyTitle","Keine Adressen gefunden"
"admin.ui.addr.expired","Abgelaufen"
"admin.ui.addr.expiredHint","Wartet auf Bereinigung"
"admin.ui.addr.fActive","Aktiv"
"admin.ui.addr.fDomain","Domain"
"admin.ui.addr.fExpired","Abgelaufen"
"admin.ui.addr.fIdle","Inaktiv"
"admin.ui.addr.fProtected","Passwortgeschützt"
"admin.ui.addr.fStatus","Status"
"admin.ui.addr.next","Weiter"
"admin.ui.addr.page","Seite {page} / {total}"
"admin.ui.addr.prev","Zurück"
"admin.ui.addr.protected","Passwortgeschützt"
"admin.ui.addr.protectedHint","Zusätzliche Sicherheit an"
"admin.ui.addr.searchPlaceholder","E-Mail-Adresse suchen..."
"admin.ui.addr.showingRange","Zeige {from}-{to} von {total} Adressen"
"admin.ui.addr.sortDomain","Domain"
"admin.ui.addr.sortLastMail","Letzte Aktivität"
"admin.ui.addr.sortNewest","Sortierung: Neueste"
"admin.ui.addr.sortOldest","Sortierung: Älteste"
"admin.ui.addr.sortUsage","Nutzungsanzahl"
"admin.ui.addr.total","Adressen gesamt"
"admin.ui.addr.totalHint","Alle Postfacheinträge"
"admin.ui.bulk.accessOff","Aus"
"admin.ui.bulk.accessOn","An"
"admin.ui.bulk.activePool","Aktive Pools"
"admin.ui.bulk.activePoolHint","Präfix-Pools verknüpft mit Benutzern"
"admin.ui.bulk.authorizedUsers","Autorisierte Benutzer"
"admin.ui.bulk.authorizedUsersHint","Nur Pro und Pro+"
"admin.ui.bulk.colAccess","Zugriff"
"admin.ui.bulk.colAddr","Adressen"
"admin.ui.bulk.colLastGen","Letzte Generierung"
"admin.ui.bulk.colOwner","Besitzer"
"admin.ui.bulk.colPackage","Paket"
"admin.ui.bulk.colPool","Pool"
"admin.ui.bulk.emptySubtitle","Pro/Pro+-Benutzer, die Sie autorisieren, können hier Pools erstellen."
"admin.ui.bulk.emptyTitle","Keine Massen-Pools gefunden"
"admin.ui.bulk.generatedAddr","Generierte Adressen"
"admin.ui.bulk.generatedAddrHint","Im normalen Paketkontingent enthalten"
"admin.ui.bulk.pools","Massen-Pools ({count})"
"admin.ui.bulk.searchPlaceholder","Benutzer, Präfix oder Domain suchen"
"admin.ui.dash.activityEmptySubtitle","Neue Aktionen werden hier angezeigt."
"admin.ui.dash.activityEmptyTitle","Noch keine Aktivität"
"admin.ui.dash.colAction","Aktion"
"admin.ui.dash.colAddress","Adressen"
"admin.ui.dash.colCreated","Erstellt"
"admin.ui.dash.colRecipient","Empfänger"
"admin.ui.dash.colStatus","Status"
"admin.ui.dash.domainEmptySubtitle","Fügen Sie eine neue Domain über die Schnellaktion oben hinzu."
"admin.ui.dash.domainEmptyTitle","Noch keine Domains hinzugefügt"
"admin.ui.dash.domainMgmt","Domain-Verwaltung"
"admin.ui.dash.expiredAddr","Abgelaufene Adressen"
"admin.ui.dash.inactiveUsers","Inaktive Benutzer"
"admin.ui.dash.mailMix","E-Mail-Verteilung"
"admin.ui.dash.mailsEmptySubtitle","Neue Nachrichten werden hier aufgelistet, wenn sie eintreffen."
"admin.ui.dash.mailsEmptyTitle","Noch keine E-Mails"
"admin.ui.dash.manageRequests","Anfragen verwalten"
"admin.ui.dash.mixEmptySubtitle","Das Kreisdiagramm füllt sich, wenn E-Mails eintreffen."
"admin.ui.dash.mixEmptyTitle","Keine Verteilungsdaten"
"admin.ui.dash.opsSummary","Ablaufübersicht"
"admin.ui.dash.pendingPro","Ausstehende Pro-Anfrage"
"admin.ui.dash.protectedAddr","Passwortgeschützte Adressen"
"admin.ui.dash.recentActivity","Letzte Aktivität"
"admin.ui.dash.recentMails","Letzte E-Mails"
"admin.ui.dash.security","Sicherheit & Bereinigung"
"admin.ui.dash.systemStatus","Systemstatus"
"admin.ui.dash.tagIncoming","Eingehend"
"admin.ui.dash.traffic","E-Mail-Verkehr"
"admin.ui.dash.trafficEmptySubtitle","Verkehr wird hier angezeigt, wenn E-Mails eintreffen."
"admin.ui.dash.trafficEmptyTitle","Keine Daten für Diagramm"
"admin.ui.dash.viewAll","Alle anzeigen"
"admin.ui.dash.viewAllMails","Alle E-Mails anzeigen"
"admin.ui.dnsModal.aRecordCopied","A-Eintrag kopiert"
"admin.ui.dnsModal.addLabel","Hinzufügen"
"admin.ui.dnsModal.close","Schließen"
"admin.ui.dnsModal.colAction","Aktion"
"admin.ui.dnsModal.colHost","Host"
"admin.ui.dnsModal.colType","Typ"
"admin.ui.dnsModal.colValue","Wert"
"admin.ui.dnsModal.copy","Kopieren"
"admin.ui.dnsModal.copyAll","Alle kopieren"
"admin.ui.dnsModal.copyAllValues","Alle Werte kopieren"
"admin.ui.dnsModal.copyDomainName","Domainnamen kopieren"
"admin.ui.dnsModal.dnsRecords","DNS-Einträge"
"admin.ui.dnsModal.domainDesc","Die für Ihre ausgewählte Domain erforderlichen DNS-Einträge werden unten angezeigt."
"admin.ui.dnsModal.domainName","Domainname"
"admin.ui.dnsModal.domainNameCopied","Domainname kopiert"
"admin.ui.dnsModal.howToBody","Gehen Sie zum DNS-Panel Ihrer Domain und fügen Sie die obigen Einträge vollständig hinzu."
"admin.ui.dnsModal.howToTitle","Wie verwenden?"
"admin.ui.dnsModal.mxRecordCopied","MX-Eintrag kopiert"
"admin.ui.dnsModal.propagationBody","DNS-Änderungen werden normalerweise innerhalb von 5-60 Minuten propagiert."
"admin.ui.dnsModal.propagationTitle","Propagierungszeit"
"admin.ui.dnsModal.recordStatus","Eintragsstatus"
"admin.ui.dnsModal.refreshVerify","Verifizierung aktualisieren"
"admin.ui.dnsModal.serverIp","Server-IP"
"admin.ui.dnsModal.serverIpCopied","Server-IP kopiert"
"admin.ui.dnsModal.serverIpDesc","Der gesamte E-Mail-Verkehr wird über diese IP-Adresse geleitet."
"admin.ui.dnsModal.subtitle","Fügen Sie die untenstehenden DNS-Einträge für Ihre Domain hinzu."
"admin.ui.dnsModal.title","DNS-Eintrag-Einrichtung"
"admin.ui.dnsModal.txtRecordCopied","TXT-Eintrag kopiert"
"admin.ui.dnsModal.verifyBody","Sie können die Verifizierung aktualisieren, nachdem die Einträge hinzugefügt wurden."
"admin.ui.dnsModal.verifyTitle","Verifizierung"
"admin.ui.dnsModal.wildcardCopied","Wildcard-Subdomain-DNS-Einträge kopiert"
"admin.ui.dnsModal.wildcardDesc","Fügen Sie die untenstehenden DNS-Einträge für Subdomain-Unterstützung hinzu. Mit diesen Einträgen funktionieren alle Subdomains wie *.domain.com automatisch."
"admin.ui.dnsModal.wildcardNote","Hinweis:"
"admin.ui.dnsModal.wildcardNoteBody","Alle Subdomains funktionieren automatisch. Benutzer können eine E-Mail-Adresse erstellen, indem sie eine beliebige Subdomain auswählen."
"admin.ui.dnsModal.wildcardTitle","Wildcard-Subdomain-DNS-Einträge"
"admin.ui.domains.activate","Aktivieren"
"admin.ui.domains.active","Aktiv"
"admin.ui.domains.activeAddr","{count} aktive Adressen"
"admin.ui.domains.activeTotal","{active} aktiv / {total} gesamt"
"admin.ui.domains.add","Hinzufügen"
"admin.ui.domains.addNew","Domain hinzufügen"
"admin.ui.domains.addrUnit","{count} Adressen"
"admin.ui.domains.cardSubtitle","Verwalten Sie die Root-Domains im System und bearbeiten Sie Subdomains über ein einzelnes Panel."
"admin.ui.domains.closeForm","Formular schließen"
"admin.ui.domains.collapse","Einklappen"
"admin.ui.domains.copy","Kopieren"
"admin.ui.domains.createdAt","Erstellt am"
"admin.ui.domains.deactivate","Deaktivieren"
"admin.ui.domains.delete","Löschen"
"admin.ui.domains.docs","Domain-Doku"
"admin.ui.domains.edit","Bearbeiten"
"admin.ui.domains.emptySubtitle","Beginnen Sie, indem Sie eine neue Domain hinzufügen."
"admin.ui.domains.emptyTitle","Keine Domains"
"admin.ui.domains.expand","Ausklappen"
"admin.ui.domains.inactive","Inaktiv"
"admin.ui.domains.loadingSubdomains","Subdomains werden geladen..."
"admin.ui.domains.mxRecord","MX-Eintrag"
"admin.ui.domains.noSubSubtitle","Verwenden Sie das Feld oben, um die erste Subdomain für diese Root-Domain zu erstellen."
"admin.ui.domains.noSubTitle","Noch keine Subdomains hinzugefügt"
"admin.ui.domains.refresh","Aktualisieren"
"admin.ui.domains.save","Speichern"
"admin.ui.domains.serverIp","Server-IP"
"admin.ui.domains.subActive","{count} aktiv"
"admin.ui.domains.subExample","Beispiel: demo@{domain}"
"admin.ui.domains.subPlaceholder","Neue Subdomain hinzufügen (z.B. mail, gmail, temp)"
"admin.ui.domains.subSectionHint","Sie können Subdomains unter dieser Root-Domain erstellen und verwalten."
"admin.ui.domains.subdomainCopied","Subdomain kopiert"
"admin.ui.domains.subdomains","Subdomains"
"admin.ui.domains.title","Domain-Verwaltung"
"admin.ui.domains.totalActiveAddr","Aktive Adressen gesamt"
"admin.ui.domains.wildcardActive","Wildcard an"
"admin.ui.domains.wildcardEnabled","Aktiviert"
"admin.ui.domains.wildcardHint","Wenn aktiviert, können Subdomains wie *.domain.com erstellt werden"
"admin.ui.domains.wildcardOff","Wildcard aus"
"admin.ui.domains.wildcardRequired","Aktivieren Sie zuerst die Wildcard-Unterstützung, um Subdomains zu erstellen."
"admin.ui.domains.wildcardSupport","Wildcard-Unterstützung"
"admin.ui.domains.wildcardTitle","Wildcard-Subdomain-Unterstützung"
"admin.ui.editDomain.close","Schließen"
"admin.ui.editDomain.copy","Kopieren"
"admin.ui.editDomain.domain","Domain"
"admin.ui.editDomain.exampleBody","123.45.67.89"
"admin.ui.editDomain.exampleLabel","Beispiel:"
"admin.ui.editDomain.noteBody","Nur Ziffern und Punkte sind erlaubt."
"admin.ui.editDomain.noteLabel","Hinweis:"
"admin.ui.editDomain.save","Speichern"
"admin.ui.editDomain.serverIp","Server-IP"
"admin.ui.editDomain.subtitle","Aktualisieren Sie die IP-Adresse. Das System generiert A-, MX- und TXT-Werte automatisch neu."
"admin.ui.editDomain.title","Domain {domain} bearbeiten"
"admin.ui.editDomain.titleFallback","Domain bearbeiten"
"admin.ui.editDomain.wildcardHint","Wenn aktiviert, können Subdomains wie *.domain.com erstellt werden"
"admin.ui.editDomain.wildcardTitle","Wildcard-Subdomain-Unterstützung"
"admin.ui.emails.all","Alle E-Mails ({count})"
"admin.ui.emails.colAction","Aktion"
"admin.ui.emails.colDate","Datum"
"admin.ui.emails.colRecipient","Empfänger"
"admin.ui.emails.colSender","Absender"
"admin.ui.emails.colSubject","Betreff"
"admin.ui.emails.colTag","Tag"
"admin.ui.emails.copyOtp","OTP kopieren"
"admin.ui.emails.detail","E-Mail-Detail"
"admin.ui.emails.detailEmptySubtitle","Klicken Sie auf das Augensymbol in der Liste, um Details anzuzeigen."
"admin.ui.emails.detailEmptyTitle","E-Mail auswählen"
"admin.ui.emails.emptySubtitle","E-Mails werden hier aufgelistet, sobald das System empfängt."
"admin.ui.emails.emptyTitle","Noch keine E-Mails"
"admin.ui.emails.next","Weiter"
"admin.ui.emails.page","Seite {page}"
"admin.ui.emails.prev","Zurück"
"admin.ui.emails.tagAttached","Anhang"
"admin.ui.emails.tagNormal","Normal"
"admin.ui.requests.alreadyPro","Bereits Pro"
"admin.ui.requests.approve","Genehmigen"
"admin.ui.requests.approved","Genehmigt"
"admin.ui.requests.emptySubtitle","Neue Pro-Anfragen erscheinen hier."
"admin.ui.requests.emptyTitle","Keine ausstehenden Anfragen"
"admin.ui.requests.noMessage","Keine Nachricht hinterlassen."
"admin.ui.requests.pending","Ausstehend"
"admin.ui.requests.reject","Ablehnen"
"admin.ui.requests.rejected","Abgelehnt"
"admin.ui.requests.title","Pro-Anfragen ({count})"
"admin.ui.settings.activeDomainCount","Anzahl aktiver Domains"
"admin.ui.settings.adminAuth","Administrator-Authentifizierung"
"admin.ui.settings.adminAuthValue","JWT + Passwort-Fallback"
"admin.ui.settings.cleanupPolicy","Bereinigungsrichtlinie"
"admin.ui.settings.cleanupPolicyValue","Manuell + servicebasiert"
"admin.ui.settings.defaultRetention","Standard-Datenaufbewahrung"
"admin.ui.settings.defaultRetentionValue","7 Tage / nur manueller Trigger"
"admin.ui.settings.defaultSoundDesc","Ein mehrschichtiger, heller Glockeneffekt."
"admin.ui.settings.defaultSoundName","Glasglocke"
"admin.ui.settings.general","Allgemeine Einstellungen"
"admin.ui.settings.logout","Admin-Sitzung beenden"
"admin.ui.settings.mailVolume","E-Mail-Volumen"
"admin.ui.settings.notifSound","Benachrichtigungston"
"admin.ui.settings.opsSummary","Ablaufübersicht"
"admin.ui.settings.pendingRequests","Ausstehende Anfragen"
"admin.ui.settings.preview","Vorschau"
"admin.ui.settings.protectedMailbox","Passwortgeschützte Postfächer"
"admin.ui.settings.refreshAll","Alle Daten aktualisieren"
"admin.ui.settings.selectedSignal","Ausgewähltes Signal"
"admin.ui.settings.totalUsers","Benutzer gesamt"
"admin.ui.users.activate","Aktivieren"
"admin.ui.users.active","Aktiv"
"admin.ui.users.admin","Admin"
"admin.ui.users.adminPackage","Admin-Paket"
"admin.ui.users.bulkClose","Massen deaktivieren"
"admin.ui.users.bulkOff","Aus"
"admin.ui.users.bulkOn","An"
"admin.ui.users.bulkOpen","Massen aktivieren"
"admin.ui.users.colAction","Aktion"
"admin.ui.users.colAddr","Adressen"
"admin.ui.users.colBulk","Masse"
"admin.ui.users.colLastLogin","Letzte Anmeldung"
"admin.ui.users.colMail","E-Mail"
"admin.ui.users.colRole","Rolle"
"admin.ui.users.colStatus","Status"
"admin.ui.users.colUser","Benutzer"
"admin.ui.users.deactivate","Deaktivieren"
"admin.ui.users.emptySubtitle","Registrierte Benutzer werden hier aufgelistet."
"admin.ui.users.emptyTitle","Keine Benutzer gefunden"
"admin.ui.users.free","Free"
"admin.ui.users.inactive","Inaktiv"
"admin.ui.users.pools","{count} Pools"
"admin.ui.users.pro","Pro"
"admin.ui.users.proPlus","Pro+"
"admin.ui.users.title","Benutzer ({count})"
"adminBulk.activate","Aktivieren"
"adminBulk.activePools","Aktive Pools"
"adminBulk.addressCount","Anzahl"
"adminBulk.adminGeneration","Admin-Generierung"
"adminBulk.allStatuses","Alle Status"
"adminBulk.archive","Archivieren"
"adminBulk.eyebrow","ADMIN-MASSSTEUERUNG"
"adminBulk.generateFailed","Generierung fehlgeschlagen"
"adminBulk.generateSuccess","{count} Adressen generiert"
"adminBulk.generateWithOverride","Mit Admin-Überschreibung generieren"
"adminBulk.generating","Generierung…"
"adminBulk.guideActive","Pool offen, Generierung kann fortgesetzt werden"
"adminBulk.guideActiveLabel","aktiv"
"adminBulk.guideArchive","Pool geschlossen"
"adminBulk.guideArchiveLabel","archiviert"
"adminBulk.guideBody","Pool-Status hier verwalten."
"adminBulk.guidePause","Generierung pausiert"
"adminBulk.guidePauseLabel","pausiert"
"adminBulk.guideTitle","Steuerung"
"adminBulk.ownerQuotaNote","Besitzer-Kontingent: {count}"
"adminBulk.pause","Pausieren"
"adminBulk.poolOperations","POOLS"
"adminBulk.poolOwner","Pool-Besitzer"
"adminBulk.searchPlaceholder","Präfix, Besitzer oder Domain suchen"
"adminBulk.selectOwnerPrefixDomain","Besitzer, Präfix und Domain auswählen"
"adminBulk.statusActive","aktiv"
"adminBulk.statusArchived","archiviert"
"adminBulk.statusPaused","pausiert"
"adminBulk.subtitle","Massengenerierung mit Kontingent-Überschreibung im Namen von Benutzern und Pool-Status-Steuerung."
"adminBulk.title","Massen-Pool-Verwaltung"
"adminBulk.viewForCsv","CSV anzeigen"
"app.accessOpened","Adresszugriff geöffnet"
"app.accountRail","Konto"
"app.accountSettings","Kontoeinstellungen"
"app.addressCreatedPassworded","Passwortgeschützte Adresse erstellt"
"app.addressCreatedReady","Neue Adresse bereit"
"app.addressOpened","Adresse geöffnet"
"app.admin","Admin"
"app.adminPanel","Admin-Panel"
"app.adminRequired","Administrator-Zugriff erforderlich"
"app.automationGuestHint","Verwalten Sie API-Schlüssel und Webhooks über Ihr registriertes Konto."
"app.automationGuestTitle","Für Automatisierung anmelden"
"app.automationRail","Automatisierung"
"app.bodyPlaceholder","Nachricht schreiben"
"app.brandSubtitle","Mamak Studio temporäre E-Mail-Arbeitsumgebung"
"app.bulkAdminRail","Massenverwaltung"
"app.cancel","Abbrechen"
"app.close","Schließen"
"app.composeBody","Inhalt"
"app.composeFrom","Von"
"app.composeSubject","Betreff"
"app.composeTitle","Neue E-Mail"
"app.composeTo","An"
"app.continue","Weiter"
"app.copyFail","Kopieren fehlgeschlagen"
"app.copySuccess","Kopiert"
"app.deleted","Gelöscht"
"app.docsRail","Doku"
"app.domains","Domains"
"app.domainsRail","Domains"
"app.domainsSubtitle","Aktuell verfügbare Domains sind unten aufgelistet."
"app.errorOccurred","Etwas ist schiefgelaufen"
"app.guestContinue","Als Gast fortfahren"
"app.guestHint","Admin: admin / admin123"
"app.guestMode","Gast"
"app.guestModeDesc","Ohne Anmeldung starten"
"app.inbox","Posteingang"
"app.loading","Wird geladen..."
"app.logout","Abmelden"
"app.mobileNavAria","Mobiles Menü"
"app.newMailToast","Neue E-Mail: {sender}"
"app.noActiveDomains","Noch keine aktiven Domains."
"app.operationsRail","Abläufe"
"app.otpCopied","OTP: {otp}"
"app.otpCopyFail","OTP konnte nicht kopiert werden"
"app.passwordLabel","Passwort"
"app.passwordPlaceholder","Passwort"
"app.passwordRequiredSubtitle","{address} ist passwortgeschützt"
"app.passwordRequiredTitle","Passwort erforderlich"
"app.passwordSaved","Passwort gespeichert"
"app.preparing","{name} wird vorbereitet…"
"app.proFeatureAddresses","Unbegrenzte Adresserstellung"
"app.proFeatureDomains","Custom-Domain-Unterstützung"
"app.proFeatureMailStorage","5000 E-Mail-Speicher"
"app.proFeatureRetention","365 Tage Aufbewahrung"
"app.proFeatureWebhooks","Webhook-Integration"
"app.proFeaturesTitle","Pro-Paket-Funktionen"
"app.proMessage","Nachricht (optional)"
"app.proMessagePlaceholder","Warum möchten Sie Pro?"
"app.proRequestSubtitle","Werden Sie mit Administrator-Genehmigung Pro-Benutzer"
"app.proRequestTitle","Auf Pro upgraden"
"app.proRequested","Pro-Anfrage gesendet"
"app.proUpgrade","Pro holen"
"app.recipientPlaceholder","empfaenger@example.com"
"app.reloadPage","Seite neu laden"
"app.roleAdmin","Administrator"
"app.roleFree","Free-Benutzer"
"app.rolePro","Pro-Benutzer"
"app.roleProPlus","Pro+-Benutzer"
"app.save","Speichern"
"app.send","Senden"
"app.sent","Gesendet"
"app.setPasswordSubtitle","Für künftigen Zugriff wird ein Passwort benötigt"
"app.setPasswordTitle","Passwort festlegen"
"app.signIn","Anmelden"
"app.signUp","Registrieren"
"app.subjectPlaceholder","Betreff"
"app.workspaceAria","Arbeitsbereich"
"auth.email","E-Mail"
"auth.freePlan","Free"
"auth.freePlanDesc","Kostenloses Konto erstellen"
"auth.guestContinue","Als Gast fortfahren"
"auth.guestMode","Gast"
"auth.guestModeDesc","Ohne Anmeldung starten"
"auth.login","Anmelden"
"auth.password","Passwort"
"auth.proPlan","Pro"
"auth.proPlanDesc","Erweitertes Konto"
"auth.processing","⏳ Verarbeitung..."
"auth.register","Registrieren"
"auth.subtitle","Gast bleiben, kostenloses Konto erstellen oder auf Pro upgraden."
"auth.title","Temporäre E-Mail, weniger Spam."
"auth.username","Benutzername"
"automation.activate","Aktivieren"
"automation.active","aktiv"
"automation.addWebhook","Webhook hinzufügen"
"automation.apiKey","API-Schlüssel"
"automation.copy","Kopieren"
"automation.createKey","Schlüssel erstellen"
"automation.deactivate","Deaktivieren"
"automation.events","Ereignisse"
"automation.eyebrow","AUTOMATISIERUNGSZENTRUM"
"automation.hookNamePlaceholder","Produktionsereignisse"
"automation.hookUrlPlaceholder","https://example.com/hooks/mail"
"automation.inactive","inaktiv"
"automation.keyNamePlaceholder","CUSTOM_TEMPMAIL_TOKEN"
"automation.lastUsed","Zuletzt verwendet"
"automation.master","MASTER"
"automation.masterKey","Master-Schlüssel (alle Scopes)"
"automation.name","Name"
"automation.neverUsed","Nie verwendet"
"automation.newSecret","Neues Secret — nur einmal angezeigt"
"automation.noHooks","Noch keine Webhooks"
"automation.noKeys","Noch keine API-Schlüssel"
"automation.rateLimit","Ratenlimit (Anf./Min.)"
"automation.rateUnit","/Min."
"automation.revoke","Widerrufen"
"automation.scopes","Scopes"
"automation.start","Start"
"automation.stop","Stopp"
"automation.subtitle","Externe Systeme mit API-Schlüsseln und Webhook-Zielen verbinden."
"automation.title","Automatisierungszentrum"
"automation.usageCount","{count} Anfragen"
"automation.webhookTarget","Benachrichtigungsziel"
"bulk.accessDeniedBody","Massenzugriff erfordert Pro/Pro+-Paket und Administrator-Berechtigung."
"bulk.accessDeniedTitle","Bulk-Studio-Zugriff deaktiviert"
"bulk.activeRecords","aktive Einträge"
"bulk.addressesReady","{count} Adressen bereit"
"bulk.adminOverride","Admin-Überschreibung"
"bulk.continue","Weiter"
"bulk.continueAction","Weiter"
"bulk.continueFromIndex","Bestehender Pool läuft ab Index {index} weiter"
"bulk.copy","Kopieren"
"bulk.copyAll","Alle kopieren"
"bulk.createAddresses","Adressen erstellen"
"bulk.createFailed","Erstellung fehlgeschlagen"
"bulk.domainLabel","Domain"
"bulk.downloadTxt","TXT herunterladen"
"bulk.eyebrow","BULK-STUDIO"
"bulk.firstAddress","Erste Adresse"
"bulk.howMany","Wie viele Adressen?"
"bulk.lastAddress","Letzte Adresse"
"bulk.livePreview","Live-Vorschau"
"bulk.loadPoolsFailed","Pools konnten nicht geladen werden"
"bulk.newPoolWillCreate","Neuer Pool generiert {count} Adressen"
"bulk.newSeries","Neue Adressreihe"
"bulk.noPools","Sie haben noch keinen Pool erstellt."
"bulk.openMails","E-Mails öffnen"
"bulk.plan","Tarif"
"bulk.poolMeta","{count} Adressen · nächste #{index}"
"bulk.prefixInvalid","Ungültiges Präfix-Format"
"bulk.prefixLabel","Präfix"
"bulk.prefixPlaceholder","beispiel"
"bulk.preparing","Bulk-Studio wird vorbereitet…"
"bulk.selectDomain","Domain auswählen"
"bulk.startWith","Mit Präfix starten"
"bulk.subtitle","Präfixbasierte Adresspools erstellen und verwalten."
"bulk.successTarget","{prefix}_* @{domain}"
"bulk.title","Bulk-Studio"
"bulk.yourPools","Ihre Pools"
"bulkInbox.colRecipient","Empfänger"
"bulkInbox.colSenderSubject","Absender / Betreff"
"bulkInbox.colTime","Zeit"
"bulkInbox.copyOtp","OTP kopieren"
"bulkInbox.loadFailed","E-Mails konnten nicht geladen werden"
"bulkInbox.loadOlder","Ältere E-Mails laden"
"bulkInbox.loading","Wird geladen…"
"bulkInbox.mailboxCount","{count} Postfächer"
"bulkInbox.modalSubtitle","Massen-Posteingang · Alle E-Mails und OTP-Codes über Pool-Postfächer"
"bulkInbox.noMails","Noch keine E-Mails in diesem Pool empfangen"
"bulkInbox.noOtpMails","Keine E-Mail mit OTP"
"bulkInbox.noSubject","(Kein Betreff)"
"bulkInbox.otpCopyFailed","OTP konnte nicht kopiert werden"
"bulkInbox.otpOnly","Nur OTP"
"bulkInbox.preparing","Massen-Posteingang wird vorbereitet…"
"bulkInbox.refresh","Aktualisieren"
"bulkInbox.searchPlaceholder","Empfänger, Absender oder Betreff suchen"
"bulkInbox.statText","{mails} E-Mails · {otps} OTPs"
"bulkInbox.toolbarHint","Auf OTP-Codes klicken zum Kopieren"
"bulkInbox.unknownSender","(unbekannt)"
"cmdk.actions","Aktionen"
"cmdk.copyAddress","Adresse kopieren"
"cmdk.domains","Domains"
"cmdk.empty","Keine Ergebnisse"
"cmdk.navigate","Gehe zu"
"cmdk.newAddress","Neue zufällige Adresse"
"cmdk.search","Suchen oder Befehl ausführen…"
"cmdk.themeDark","Dunkles Design"
"cmdk.themeLight","Helles Design"
"docs.catApi","API & BOT"
"docs.catBulk","BULK-STUDIO"
"docs.catMail","E-MAIL-ABLÄUFE"
"docs.catServer","SERVER & DNS"
"docs.catStart","ERSTE SCHRITTE"
"docs.cmdkHint","⌘K für globale Suche"
"docs.codeCopied","Kopiert"
"docs.codeCopy","Kopieren"
"docs.codeExample","BEISPIELBEFEHL"
"docs.descApi","Sicherer, niedrig-Traffic-Bot-Ablauf mit CUSTOM_TEMPMAIL_TOKEN."
"docs.descBulk","Sequentielle Postfach-Pools mit Präfix und klarer Eigentümerschaft generieren."
"docs.descMail","Zuverlässiger Ablauf von E-Mail-Zustellung bis Verifizierungscode."
"docs.descServer","Ablaufliste für einen gesunden E-Mail-empfangenden Server."
"docs.descStart","Postfach öffnen, Verifizierungscode holen, Aufgabe erledigen."
"docs.heroEyebrow","ABLAGE-HANDBUCH"
"docs.heroSignal","Live-Vertrag"
"docs.heroSignalSub","API-Schlüssel · OTP · Echtzeit"
"docs.heroSubtitle","In-App-Leitfaden für Postfach-, API- und Server-Abläufe."
"docs.heroTitle","Erledigen, nachschlagen."
"docs.libraryAria","Dokumentationsthemen"
"docs.noResult","Kein passendes Thema gefunden."
"docs.noteApi","Ein Standardschlüssel greift nur auf Postfächer seines Besitzers zu. Der Admin-Master-Schlüssel greift auf alle Ablauf-Endpunkte zu."
"docs.noteBulk","Pro/Pro+-Benutzer benötigen Administrator-Massenberechtigung. Administratoren können mit Kontingent-Überschreibung im Namen von Benutzern generieren."
"docs.noteLabel","Ablaufhinweis"
"docs.noteMail","Die E-Mail-Liste wird als flaches Array innerhalb des Response-Envelopes zurückgegeben; es gibt kein zweites E-Mails-Objekt."
"docs.noteServer","Bei Coolify wird Port 25 direkt freigegeben; HTTP/HTTPS läuft über den Proxy."
"docs.noteStart","Wenn dieselbe Adresse erneut angefordert wird, gibt das System die bestehenden Postfach-Infos zurück statt eines Fehlers."
"docs.searchPlaceholder","API-Schlüssel, OTP, DNS, Bulk oder Endpunkt suchen"
"docs.sideAutomationBody","`wait=25` und `after_id` verwenden, um Bot-Traffic zu reduzieren."
"docs.sideAutomationStrong","Long-Poll empfohlen"
"docs.sideAutomationTitle","AUTOMATISIERUNG"
"docs.sideDeployBody","Port 25, Docker Compose und DNS-Schritte sind im Server-Leitfaden."
"docs.sideDeployStrong","Coolify-bereit"
"docs.sideDeployTitle","BEREITSTELLUNG"
"docs.sideDomainBody","Administratoren können aktiven Domains Subdomains hinzufügen."
"docs.sideDomainStrong","Subdomain unterstützt"
"docs.sideDomainTitle","DOMAIN"
"docs.stepApi1Body","Erstellen Sie einen Schlüssel beginnend mit tm_, indem Sie die erforderlichen Scopes im Automatisierungsbildschirm auswählen."
"docs.stepApi1Title","Schlüssel erstellen"
"docs.stepApi2Body","Der vollständige Schlüssel wird nur bei Erstellung angezeigt; speichern Sie ihn in Ihrer Bot-Umgebungsvariable."
"docs.stepApi2Title","Secret speichern"
"docs.stepApi3Body","Mit wait=25 warten, bis E-Mail eintrifft, statt voller Polling alle 2.5s."
"docs.stepApi3Title","Long-Poll verwenden"
"docs.stepApi4Body","Nur neue E-Mails mit after_id lesen."
"docs.stepApi4Title","Cursor beibehalten"
"docs.stepBulk1Body","Z.B. setzt gork Adressen als gork_0, gork_1 fort."
"docs.stepBulk1Title","Präfix eingeben"
"docs.stepBulk2Body","Atomare Generierung zwischen 1–100; Kollisionen werden übersprungen."
"docs.stepBulk2Title","Domain und Anzahl wählen"
"docs.stepBulk3Body","E-Mails und OTPs über alle Empfänger in einem Stream im Massen-Posteingang-Popup scannen."
"docs.stepBulk3Title","Pool öffnen"
"docs.stepBulk4Body","Derselbe Pool generiert ab dem nächsten leeren Index weiter."
"docs.stepBulk4Title","Weiter"
"docs.stepMail1Body","Aktive Domain und registrierter Empfänger werden verifiziert; E-Mail und Anhänge werden dauerhaft gespeichert."
"docs.stepMail1Title","SMTP empfängt"
"docs.stepMail2Body","BXS-AJ2, ABC-123, IRU-VO0 und klassische numerische Codes werden unterstützt."
"docs.stepMail2Title","OTP wird gescannt"
"docs.stepMail3Body","© 2026, Datum/Uhrzeit, Bestellung, Tracking- und Referenznummern sind Ablehnungssignale."
"docs.stepMail3Title","Falsche Kandidaten werden gefiltert"
"docs.stepMail4Body","Neue E-Mail-/OTP-Ereignisse werden an Socket.io-, SSE- und Webhook-Kanäle gesendet."
"docs.stepMail4Title","Ereignis veröffentlicht"
"docs.stepServer1Body","mail.domain.tld sollte auf die Server-IP zeigen und der MX-Eintrag auf diesen Hostnamen."
"docs.stepServer1Title","A- und MX-Einträge"
"docs.stepServer2Body","TCP 25 eingehend muss für SMTP offen sein; Cloudflare-Proxy muss aus bleiben."
"docs.stepServer2Title","Port-25-Zugriff"
"docs.stepServer3Body","SPF, DKIM, DMARC und PTR verbessern Zustellbarkeit."
"docs.stepServer3Title","Sicherheitseinträge"
"docs.stepServer4Body","Vor Bereitstellung mit einem DB-Kopie verifizieren; Migrationen laufen additiv."
"docs.stepServer4Title","Daten schützen"
"docs.stepStart1Body","Wählen Sie eine der aktiven Domains oder eine vom Administrator hinzugefügte Subdomain."
"docs.stepStart1Title","Domain wählen"
"docs.stepStart2Body","Einzelne Adresse oder präfixbasierten Pool mit Bulk-Studio erstellen."
"docs.stepStart2Title","Adresse erstellen"
"docs.stepStart3Body","Neue E-Mails über Posteingang, SSE oder Long-Poll sehen."
"docs.stepStart3Title","E-Mail empfangen"
"docs.stepStart4Body","Der Code wird aus Betreff, Text und HTML-Kontext erkannt; direkt kopieren."
"docs.stepStart4Title","OTP verwenden"
"docs.titleApi","Automatisierung mit API-Schlüssel"
"docs.titleBulk","Präfix-Pools"
"docs.titleMail","OTP, Posteingang und Echtzeit"
"docs.titleServer","SMTP, DNS und Bereitstellung"
"docs.titleStart","Schnellstart"
"docs.topics","THEMEN"
"domains.noneTitle","Keine aktiven Domains"
"domains.subdomainSupported","Subdomain unterstützt"
"emailView.attachments","Anhänge ({count})"
"emailView.copied","Kopiert"
"emailView.copy","Kopieren"
"emailView.date","Datum"
"emailView.noContent","Kein Inhalt"
"emailView.otpCode","Verifizierungscode"
"emailView.reply","Antworten"
"emailView.selectMail","E-Mail auswählen"
"emailView.selectMailHint","Wählen Sie links eine E-Mail aus der Liste, um deren Inhalt anzuzeigen."
"emailView.sender","Von"
"emailView.subject","Betreff"
"emailView.subtitle","Nachrichteninhalt und Anhänge"
"emailView.textMode","Text"
"emailView.title","E-Mail-Detail"
"errors.actionFailed","Aktion fehlgeschlagen"
"errors.addressCreateFailed","Adresse konnte nicht erstellt werden"
"errors.sessionExpired","Ihre Sitzung ist abgelaufen, bitte melden Sie sich erneut an"
"errors.wrongPassword","Falsches Passwort"
"inbox.confirmDelete","Diese E-Mail löschen?"
"inbox.copyOtp","OTP kopieren"
"inbox.createAddressFirst","Zuerst Adresse erstellen"
"inbox.delete","Löschen"
"inbox.filters","Filter"
"inbox.footerHint","Neue E-Mails werden in dieser Liste sofort angezeigt."
"inbox.footerTitle","Ihre E-Mails erscheinen hier"
"inbox.live","Live"
"inbox.mailsWillAppear","Eingehende E-Mails werden hier angezeigt."
"inbox.noMails","Noch keine E-Mails"
"inbox.noMailsHint","Neue Nachrichten erscheinen hier in Echtzeit."
"inbox.noResults","Keine Ergebnisse gefunden"
"inbox.noSubject","(Kein Betreff)"
"inbox.otpBadge","OTP"
"inbox.refresh","Aktualisieren"
"inbox.searchPlaceholder","Suchen..."
"inbox.subtitle","Live-Nachrichtenstrom"
"inbox.title","Posteingang"
"inbox.waiting","Wartend"
"inbox.yesterday","Gestern"
"nav.admin","Admin"
"nav.learn","Ressourcen"
"nav.mailbox","Postfach"
"nav.scale","Skalierung"
