key,es
"account.accountArea","Área de cuenta"
"account.active","Activo"
"account.address","Dirección"
"account.confirmDeleteAddress","¿Eliminar ""{address}""?"
"account.confirmRevokeSession","¿Finalizar esta sesión?"
"account.domain","Dominio"
"account.flashAddressDeleted","Dirección eliminada"
"account.flashAddressRenewed","Dirección renovada"
"account.flashAddressUpdated","Dirección actualizada"
"account.flashAvatarUpdated","Foto de perfil actualizada"
"account.flashCodeReady","Código de verificación listo"
"account.flashCodeRequired","Código de verificación requerido"
"account.flashEmailRequired","Correo requerido"
"account.flashEmailUnchanged","Correo sin cambios"
"account.flashEmailUpdated","Correo actualizado"
"account.flashFavAdded","Dominio favorito añadido"
"account.flashFavRemoved","Dominio favorito eliminado"
"account.flashPasswordChanged","Contraseña cambiada"
"account.flashPasswordFields","Complete todos los campos de contraseña"
"account.flashPasswordMismatch","Las contraseñas nuevas no coinciden"
"account.flashPrefsUpdated","Preferencias actualizadas"
"account.flashProfileUpdated","Perfil actualizado"
"account.flashSessionRevoked","Sesión finalizada"
"account.flashUsernameLocked","El nombre de usuario solo se puede cambiar una vez"
"account.flashUsernameRequired","El nombre de usuario es obligatorio"
"account.guestDescription","Puedes usar la aplicación sin iniciar sesión. Crea una cuenta para acceder al perfil, la seguridad y las preferencias."
"account.guestTitle","Usuario invitado"
"account.logout","Cerrar sesión"
"account.mail","Correo"
"account.noHistory","Aún no hay historial de direcciones."
"account.noPassworded","No hay correos protegidos con contraseña."
"account.open","Abrir"
"account.passwordedList","Todos los correos con contraseña"
"account.passwordedListHint","Direcciones abiertas con una contraseña"
"account.plan","Plan"
"account.ready","Listo"
"account.recentUsed","Recientes"
"account.recentUsedHint","Tus últimas direcciones abiertas"
"account.settings","Ajustes"
"account.subtitle","Estado rápido, uso y actividad reciente"
"account.title","Resumen de cuenta"
"account.usage","Uso"
"accountModal.accountNote","Nota de cuenta"
"accountModal.active","Activo"
"accountModal.addressLimit","Límite de direcciones"
"accountModal.adminUnlimited","Los permisos de administrador parecen ilimitados."
"accountModal.allPasswordedEmails","Todos los correos con contraseña"
"accountModal.allPasswordedEmpty","No se encontraron correos protegidos con contraseña."
"accountModal.appearance","Apariencia"
"accountModal.billingUnit","Unidad de facturación"
"accountModal.changePassword","Cambiar contraseña"
"accountModal.changePasswordNote","Los cambios de contraseña se gestionan desde esta ventana."
"accountModal.close","Cerrar"
"accountModal.cooldownActive","Enfriamiento activo"
"accountModal.currentPassword","Contraseña actual"
"accountModal.currentSession","Esta sesión"
"accountModal.defaultDomain","Dominio predeterminado"
"accountModal.displayName","Nombre para mostrar"
"accountModal.editable","Editable"
"accountModal.email","Correo"
"accountModal.emailChange","Cambio de correo"
"accountModal.emailVerifyNote","El cambio de correo requiere un código de verificación."
"accountModal.expiring","Direcciones por caducar"
"accountModal.expiringDesc","Recibe un recordatorio para direcciones a punto de cerrarse."
"accountModal.favoriteAddress","Dirección favorita"
"accountModal.favoriteDomains","Dominios favoritos"
"accountModal.generalSubtitle","Cambia rápidamente los ajustes más usados en esta ventana."
"accountModal.generalTitle","Apariencia y valores predeterminados"
"accountModal.language","Idioma"
"accountModal.lastActive","Última actividad"
"accountModal.limitsTitle","Uso y plan"
"accountModal.locked","Bloqueado"
"accountModal.loginFail","Fallido"
"accountModal.loginHistory","Historial de inicio de sesión"
"accountModal.loginSuccess","Éxito"
"accountModal.mailCount","Cantidad de correos"
"accountModal.mailRetention","Periodo de retención de correo"
"accountModal.newMail","Alertas de correo nuevo"
"accountModal.newMailDesc","Notifícame cuando llegue un mensaje nuevo."
"accountModal.newPassword","Contraseña nueva"
"accountModal.newPasswordRepeat","Repetir contraseña nueva"
"accountModal.noDomains","Sin dominios."
"accountModal.noLoginHistory","No se encontró historial de inicio de sesión."
"accountModal.noSessions","No se encontraron sesiones activas."
"accountModal.notificationPrefs","Preferencias de notificaciones"
"accountModal.notificationSound","Sonido de notificación"
"accountModal.notifications","Preferencias de notificaciones"
"accountModal.otp","Alertas OTP"
"accountModal.otpNotification","Alertas OTP"
"accountModal.otpNotificationDesc","Mostrar alertas especiales para códigos de un solo uso."
"accountModal.packageLimits","Los límites se muestran por paquete."
"accountModal.pendingEmail","Correo pendiente"
"accountModal.planTitle","Plan"
"accountModal.preview","Vista previa"
"accountModal.profilePhoto","Subir foto"
"accountModal.profileSave","Guardar perfil"
"accountModal.profileTitle","Detalles de cuenta"
"accountModal.quickSave","Guardar"
"accountModal.quickStatus","Estado rápido"
"accountModal.quotaUsed","cuota de direcciones usada"
"accountModal.ready","Listo"
"accountModal.refresh","Actualizar"
"accountModal.reset","Restablecer"
"accountModal.retention","Retención de correo"
"accountModal.retentionAndSound","Retención y sonido"
"accountModal.securityAlerts","Alertas de seguridad"
"accountModal.securityAlertsDesc","Notifícame sobre inicios de sesión sospechosos."
"accountModal.securityStatus","Estado de seguridad"
"accountModal.selectOption","Seleccionar"
"accountModal.sessionsCloseNote","pestaña para cerrar inicios de sesión."
"accountModal.sessionsHint","Puedes cerrar dispositivos abiertos aquí."
"accountModal.sessionsTitle","Sesiones activas"
"accountModal.statAddress","Dirección"
"accountModal.statFavoriteDomain","Dominio favorito"
"accountModal.statMail","Correo"
"accountModal.subtitle","Centro de edición"
"accountModal.suspicious","Sospechoso"
"accountModal.tabs.general","General"
"accountModal.tabs.preferences","Preferencias"
"accountModal.tabs.profile","Perfil"
"accountModal.tabs.security","Seguridad"
"accountModal.tabs.sessions","Sesiones"
"accountModal.tabs.usage","Uso"
"accountModal.tabsSubtitle.general","Apariencia y ajustes principales"
"accountModal.tabsSubtitle.preferences","Notificaciones y dominios"
"accountModal.tabsSubtitle.profile","Nombre, correo y foto"
"accountModal.tabsSubtitle.security","Contraseña y protección de cuenta"
"accountModal.tabsSubtitle.sessions","Dispositivos e inicios de sesión"
"accountModal.tabsSubtitle.usage","Plan e información de cuota"
"accountModal.themeDark","Oscuro"
"accountModal.themeLight","Claro"
"accountModal.themeSystem","Sistema"
"accountModal.tipBody","Puedes cambiar de pestaña sin guardar. Las secciones de perfil y seguridad funcionan directamente en esta ventana."
"accountModal.tipTitle","Consejo"
"accountModal.title","Ajustes de cuenta"
"accountModal.updatePassword","Actualizar contraseña"
"accountModal.upgradeLimit","Ampliar límite"
"accountModal.upgradeable","Ampliable"
"accountModal.used","Usado"
"accountModal.usedDomain","Dominios usados"
"accountModal.username","Nombre de usuario"
"accountModal.usernameOnce","Se puede usar una vez"
"accountModal.usernameRight","Nombre de usuario correcto"
"addressBar.activeBadge","Activo"
"addressBar.activeProtected","La dirección está activa y protegida con contraseña"
"addressBar.activeReady","La dirección está activa y lista para usar"
"addressBar.chooseDomain","Elegir dominio"
"addressBar.confirmRandomSubtitle","Esto creará una dirección nueva y la actual no se conservará."
"addressBar.confirmRandomTitle","¿Generar una dirección aleatoria?"
"addressBar.confirmRefreshSubtitle","Se creará una dirección nueva y tu dirección actual será reemplazada."
"addressBar.confirmRefreshTitle","¿Actualizar esta dirección?"
"addressBar.copied","Copiado"
"addressBar.copy","Copiar"
"addressBar.domainsLoadError","No se pudo cargar la lista de dominios. Actualiza la página o inténtalo de nuevo más tarde."
"addressBar.hoursAgo","{n}h"
"addressBar.justNow","justo ahora"
"addressBar.loadingAction","Preparando..."
"addressBar.mainDomain","Dominio principal"
"addressBar.minutesAgo","{n}m"
"addressBar.noDomain","Aún no hay dominios"
"addressBar.noDomainsHint","Aún no se han añadido dominios. Añade uno en el panel de administrador."
"addressBar.noHistory","Aún no hay historial de direcciones."
"addressBar.noPassworded","No hay direcciones protegidas con contraseña."
"addressBar.noSubdomains","Aún no se han añadido subdominios"
"addressBar.openAddress","Abrir dirección"
"addressBar.passwordedBadge","Con contraseña"
"addressBar.passwordedList","Todos los correos con contraseña"
"addressBar.protect","Proteger"
"addressBar.random","Aleatorio"
"addressBar.recentHint","Tus últimas direcciones abiertas"
"addressBar.recentUsed","Recientes"
"addressBar.refresh","Actualizar"
"addressBar.safeSubtitle","Los correos se reciben de forma anónima y cifrada."
"addressBar.safeTitle","Listo y seguro"
"addressBar.selected","Seleccionado"
"addressBar.subtitle","Tu dirección se activa al instante y los mensajes llegan a la bandeja de abajo."
"addressBar.title","Tu dirección de correo temporal"
"admin.actions.addDomain","Añadir dominio"
"admin.actions.cleanup","Limpieza"
"admin.actions.export","Exportar"
"admin.activity.addressCreated","Dirección creada"
"admin.activity.domainActive","Dominio activo"
"admin.activity.domainInactive","Dominio inactivo"
"admin.activity.requestApproved","Solicitud aprobada"
"admin.activity.requestPending","Solicitud pendiente"
"admin.activity.requestRejected","Solicitud rechazada"
"admin.common.active","Activo"
"admin.common.attachment","Adjunto"
"admin.common.closed","Cerrado"
"admin.common.copy","Copiar"
"admin.common.copyOtp","Copiar OTP"
"admin.common.htmlContent","(contenido HTML)"
"admin.common.no","No"
"admin.common.noSubject","(Sin asunto)"
"admin.common.open","Abrir"
"admin.common.waiting","En espera"
"admin.common.yes","Sí"
"admin.confirm.cleanupAddress","¿Limpiar el historial de correo de {address}?"
"admin.confirm.cleanupAll","¿Limpiar todos los datos caducados?"
"admin.confirm.deleteAddress","¿Eliminar permanentemente {address}?"
"admin.confirm.deleteDomain","¿Eliminar {name}?"
"admin.confirm.deleteMail","¿Eliminar este correo?"
"admin.confirm.deleteSubdomain","¿Eliminar el subdominio {name}?"
"admin.detail.addressId","ID de dirección"
"admin.detail.attachmentMails","Correos con adjuntos"
"admin.detail.autoCleanup","Limpieza automática"
"admin.detail.back","Atrás"
"admin.detail.clearHistory","Limpiar historial"
"admin.detail.clearMailHistory","Limpiar historial de correo"
"admin.detail.copyAddress","Copiar dirección"
"admin.detail.created","Creado"
"admin.detail.currentStatus","Estado actual"
"admin.detail.deleteAddress","Eliminar dirección"
"admin.detail.detectedVerification","Verificación detectada"
"admin.detail.emptyMailboxSubtitle","Aún no se ha recibido correo en esta dirección."
"admin.detail.emptyMailboxTitle","Buzón vacío"
"admin.detail.generalInfo","Información general"
"admin.detail.incomingContent","Contenido entrante"
"admin.detail.incomingMails","Correo entrante"
"admin.detail.ipSession","IP / sesión"
"admin.detail.lastAccess","Último acceso"
"admin.detail.lastActivity","Última actividad"
"admin.detail.linkedDomain","Dominio vinculado"
"admin.detail.noOtpSubtitle","Aún no se ha detectado OTP en el correo de esta dirección."
"admin.detail.noOtpTitle","Sin registros OTP"
"admin.detail.notTracked","No rastreado"
"admin.detail.openAccess","Acceso abierto"
"admin.detail.otpCodes","Códigos OTP"
"admin.detail.otpCount","Cantidad de OTP"
"admin.detail.otpHistory","Historial OTP"
"admin.detail.passwordProtected","Protegido con contraseña"
"admin.detail.passwordProtection","Protección con contraseña"
"admin.detail.retention","Retención"
"admin.detail.retentionPeriod","Periodo de retención"
"admin.detail.securityActions","Seguridad y acciones"
"admin.detail.selectMailSubtitle","Haz clic en el icono de ojo de la tabla para ver los detalles."
"admin.detail.selectMailTitle","Selecciona un correo"
"admin.detail.statistics","Estadísticas"
"admin.detail.status","Estado"
"admin.detail.subtitle","Auditoría e historial de buzón"
"admin.detail.totalOtpRecords","Total de registros OTP"
"admin.detail.username","Nombre de usuario"
"admin.dns.noteA","El registro A apunta el nombre de host a la IP del servidor"
"admin.dns.noteDkim","Clave de firma DKIM"
"admin.dns.noteDmarc","Política DMARC"
"admin.dns.noteMx","El registro MX enruta el tráfico de correo a este nombre de host"
"admin.dns.noteSpf","SPF autoriza al servidor de envío"
"admin.dns.noteVerification","Verificación de propiedad del dominio"
"admin.errors.authRequired","Se requiere acceso de administrador"
"admin.errors.endpointMissing","Endpoint no encontrado"
"admin.errors.ipRequired","Introduce una IP válida"
"admin.errors.mailDetailFailed","No se pudo cargar el detalle del correo"
"admin.errors.requestFailed","Solicitud fallida"
"admin.flash.addressCleaned","Historial de dirección limpiado"
"admin.flash.addressDeleted","Dirección eliminada"
"admin.flash.allDnsCopied","Todos los valores DNS copiados"
"admin.flash.bulkDisabled","Acceso masivo desactivado"
"admin.flash.bulkEnabled","Acceso masivo activado"
"admin.flash.cleanupDone","Limpieza completada"
"admin.flash.copied","Copiado"
"admin.flash.copyFailed","Copia fallida"
"admin.flash.dnsRefreshed","Verificación DNS actualizada"
"admin.flash.domainActivated","Dominio activado"
"admin.flash.domainAdded","""{domain}"" añadido"
"admin.flash.domainAddedWildcard"," (comodín activo)"
"admin.flash.domainDeactivated","Dominio desactivado"
"admin.flash.domainDeleted","""{name}"" eliminado"
"admin.flash.domainUpdated","Dominio actualizado"
"admin.flash.exported","Exportación descargada"
"admin.flash.loginSuccess","Inicio de sesión de administrador correcto"
"admin.flash.mailDeleted","Correo eliminado"
"admin.flash.packageUpdated","Paquete actualizado"
"admin.flash.recordCopied","{title} copiado"
"admin.flash.requestApproved","Solicitud aprobada"
"admin.flash.requestRejected","Solicitud rechazada"
"admin.flash.roleUpdated","Rol actualizado"
"admin.flash.subdomainAdded","Subdominio ""{domain}"" añadido"
"admin.flash.subdomainDeleted","Subdominio ""{name}"" eliminado"
"admin.flash.userActivated","Usuario activado"
"admin.flash.userDeactivated","Usuario desactivado"
"admin.hero.eyebrow","Centro de control"
"admin.hero.subtitle","Gestión del sistema MS Temp Mail, estadísticas en vivo y flujos de operación."
"admin.hero.title","Panel de administrador"
"admin.login.defaultPassword","Predeterminado:"
"admin.login.loading","Comprobando…"
"admin.login.passwordLabel","Contraseña de administrador"
"admin.login.submit","Iniciar sesión"
"admin.login.subtitle","Continuar con credenciales de administrador"
"admin.login.title","Panel de administrador"
"admin.mix.attachment","Adjunto"
"admin.mix.normal","Normal"
"admin.stats.activeDomains","Dominios activos"
"admin.stats.allTime","Histórico"
"admin.stats.last24h","Últimas 24 horas"
"admin.stats.newMessages","Correo entrante nuevo"
"admin.stats.protectedCount","Con contraseña: {count}"
"admin.stats.totalAddresses","Total de direcciones"
"admin.stats.totalDomains","Total: {count}"
"admin.stats.totalMail","Total de correos"
"admin.system.activeDomains","Dominios activos"
"admin.system.adminSession","Sesión de administrador"
"admin.system.cleanupPolicy","Política de limpieza"
"admin.system.cleanupPolicyValue","Automático + manual"
"admin.system.protectedMailbox","Buzones protegidos"
"admin.system.smtpFlow","Flujo SMTP"
"admin.table.action","Acción"
"admin.table.date","Fecha"
"admin.table.sender","Remitente"
"admin.table.subject","Asunto"
"admin.table.tag","Etiqueta"
"admin.tabs.addresses","Direcciones"
"admin.tabs.bulk","Grupos masivos"
"admin.tabs.dashboard","Panel"
"admin.tabs.domains","Dominios"
"admin.tabs.emails","Correos"
"admin.tabs.requests","Solicitudes"
"admin.tabs.settings","Ajustes"
"admin.tabs.users","Usuarios"
"admin.ui.addr.active","Direcciones activas"
"admin.ui.addr.activeHint","Acceso o correo reciente presente"
"admin.ui.addr.all","Todas las direcciones"
"admin.ui.addr.clearFilter","Limpiar filtro"
"admin.ui.addr.colActions","Acciones"
"admin.ui.addr.colActivity","Última actividad"
"admin.ui.addr.colCreated","Creado"
"admin.ui.addr.colDomain","Dominio"
"admin.ui.addr.colEmail","Dirección de correo"
"admin.ui.addr.colMailCount","Cantidad de correos"
"admin.ui.addr.colRetention","Retención"
"admin.ui.addr.colStatus","Estado"
"admin.ui.addr.emptySubtitle","Limpia la búsqueda y los filtros e inténtalo de nuevo."
"admin.ui.addr.emptyTitle","No se encontraron direcciones"
"admin.ui.addr.expired","Caducadas"
"admin.ui.addr.expiredHint","Esperando limpieza"
"admin.ui.addr.fActive","Activo"
"admin.ui.addr.fDomain","Dominio"
"admin.ui.addr.fExpired","Caducado"
"admin.ui.addr.fIdle","Inactivo"
"admin.ui.addr.fProtected","Con contraseña"
"admin.ui.addr.fStatus","Estado"
"admin.ui.addr.next","Siguiente"
"admin.ui.addr.page","Página {page} / {total}"
"admin.ui.addr.prev","Anterior"
"admin.ui.addr.protected","Protegido con contraseña"
"admin.ui.addr.protectedHint","Seguridad extra activada"
"admin.ui.addr.searchPlaceholder","Buscar dirección de correo..."
"admin.ui.addr.showingRange","Mostrando {from}-{to} de {total} direcciones"
"admin.ui.addr.sortDomain","Dominio"
"admin.ui.addr.sortLastMail","Última actividad"
"admin.ui.addr.sortNewest","Ordenar: Más recientes"
"admin.ui.addr.sortOldest","Ordenar: Más antiguas"
"admin.ui.addr.sortUsage","Cantidad de uso"
"admin.ui.addr.total","Total de direcciones"
"admin.ui.addr.totalHint","Todos los registros de buzón"
"admin.ui.bulk.accessOff","Desactivado"
"admin.ui.bulk.accessOn","Activado"
"admin.ui.bulk.activePool","Grupos activos"
"admin.ui.bulk.activePoolHint","Grupos de prefijos vinculados a usuarios"
"admin.ui.bulk.authorizedUsers","Usuarios autorizados"
"admin.ui.bulk.authorizedUsersHint","Solo Pro y Pro+"
"admin.ui.bulk.colAccess","Acceso"
"admin.ui.bulk.colAddr","Direcciones"
"admin.ui.bulk.colLastGen","Última generación"
"admin.ui.bulk.colOwner","Propietario"
"admin.ui.bulk.colPackage","Paquete"
"admin.ui.bulk.colPool","Grupo"
"admin.ui.bulk.emptySubtitle","Los usuarios Pro/Pro+ que autorices pueden crear grupos aquí."
"admin.ui.bulk.emptyTitle","No se encontraron grupos masivos"
"admin.ui.bulk.generatedAddr","Direcciones generadas"
"admin.ui.bulk.generatedAddrHint","Incluidas en la cuota del paquete normal"
"admin.ui.bulk.pools","Grupos masivos ({count})"
"admin.ui.bulk.searchPlaceholder","Buscar usuario, prefijo o dominio"
"admin.ui.dash.activityEmptySubtitle","Las acciones nuevas aparecerán aquí."
"admin.ui.dash.activityEmptyTitle","Aún no hay actividad"
"admin.ui.dash.colAction","Acción"
"admin.ui.dash.colAddress","Direcciones"
"admin.ui.dash.colCreated","Creado"
"admin.ui.dash.colRecipient","Destinatario"
"admin.ui.dash.colStatus","Estado"
"admin.ui.dash.domainEmptySubtitle","Añade un dominio nuevo usando la acción rápida de arriba."
"admin.ui.dash.domainEmptyTitle","Aún no se han añadido dominios"
"admin.ui.dash.domainMgmt","Gestión de dominios"
"admin.ui.dash.expiredAddr","Direcciones caducadas"
"admin.ui.dash.inactiveUsers","Usuarios inactivos"
"admin.ui.dash.mailMix","Distribución de correo"
"admin.ui.dash.mailsEmptySubtitle","Los mensajes nuevos se listarán aquí cuando lleguen."
"admin.ui.dash.mailsEmptyTitle","Aún no hay correo"
"admin.ui.dash.manageRequests","Gestionar solicitudes"
"admin.ui.dash.mixEmptySubtitle","El gráfico circular se llenará a medida que llegue el correo."
"admin.ui.dash.mixEmptyTitle","Sin datos de distribución"
"admin.ui.dash.opsSummary","Resumen de operaciones"
"admin.ui.dash.pendingPro","Solicitud Pro pendiente"
"admin.ui.dash.protectedAddr","Direcciones con contraseña"
"admin.ui.dash.recentActivity","Actividad reciente"
"admin.ui.dash.recentMails","Correo reciente"
"admin.ui.dash.security","Seguridad y limpieza"
"admin.ui.dash.systemStatus","Estado del sistema"
"admin.ui.dash.tagIncoming","Entrante"
"admin.ui.dash.traffic","Tráfico de correo"
"admin.ui.dash.trafficEmptySubtitle","El tráfico aparecerá aquí a medida que llegue el correo."
"admin.ui.dash.trafficEmptyTitle","Sin datos para el gráfico"
"admin.ui.dash.viewAll","Ver todo"
"admin.ui.dash.viewAllMails","Ver todo el correo"
"admin.ui.dnsModal.aRecordCopied","Registro A copiado"
"admin.ui.dnsModal.addLabel","Añadir"
"admin.ui.dnsModal.close","Cerrar"
"admin.ui.dnsModal.colAction","Acción"
"admin.ui.dnsModal.colHost","Host"
"admin.ui.dnsModal.colType","Tipo"
"admin.ui.dnsModal.colValue","Valor"
"admin.ui.dnsModal.copy","Copiar"
"admin.ui.dnsModal.copyAll","Copiar todo"
"admin.ui.dnsModal.copyAllValues","Copiar todos los valores"
"admin.ui.dnsModal.copyDomainName","Copiar nombre de dominio"
"admin.ui.dnsModal.dnsRecords","Registros DNS"
"admin.ui.dnsModal.domainDesc","Los registros DNS necesarios para tu dominio seleccionado se muestran abajo."
"admin.ui.dnsModal.domainName","Nombre de dominio"
"admin.ui.dnsModal.domainNameCopied","Nombre de dominio copiado"
"admin.ui.dnsModal.howToBody","Ve al panel DNS de tu dominio y añade los registros de arriba por completo."
"admin.ui.dnsModal.howToTitle","¿Cómo usar?"
"admin.ui.dnsModal.mxRecordCopied","Registro MX copiado"
"admin.ui.dnsModal.propagationBody","Los cambios DNS suelen propagarse en 5-60 minutos."
"admin.ui.dnsModal.propagationTitle","Tiempo de propagación"
"admin.ui.dnsModal.recordStatus","Estado del registro"
"admin.ui.dnsModal.refreshVerify","Actualizar verificación"
"admin.ui.dnsModal.serverIp","IP del servidor"
"admin.ui.dnsModal.serverIpCopied","IP del servidor copiada"
"admin.ui.dnsModal.serverIpDesc","Todo el tráfico de correo se enrutará a través de esta dirección IP."
"admin.ui.dnsModal.subtitle","Añade los registros DNS de abajo para tu dominio."
"admin.ui.dnsModal.title","Configuración de registros DNS"
"admin.ui.dnsModal.txtRecordCopied","Registro TXT copiado"
"admin.ui.dnsModal.verifyBody","Puedes actualizar la verificación después de añadir los registros."
"admin.ui.dnsModal.verifyTitle","Verificación"
"admin.ui.dnsModal.wildcardCopied","Registros DNS de subdominio comodín copiados"
"admin.ui.dnsModal.wildcardDesc","Añade los registros DNS de abajo para el soporte de subdominios. Con estos registros, todos los subdominios como *.domain.com funcionan automáticamente."
"admin.ui.dnsModal.wildcardNote","Nota:"
"admin.ui.dnsModal.wildcardNoteBody","todos los subdominios funcionarán automáticamente. Los usuarios pueden crear una dirección de correo eligiendo cualquier subdominio."
"admin.ui.dnsModal.wildcardTitle","Registros DNS de subdominio comodín"
"admin.ui.domains.activate","Activar"
"admin.ui.domains.active","Activo"
"admin.ui.domains.activeAddr","{count} direcciones activas"
"admin.ui.domains.activeTotal","{active} activas / {total} total"
"admin.ui.domains.add","Añadir"
"admin.ui.domains.addNew","Añadir dominio"
"admin.ui.domains.addrUnit","{count} direcciones"
"admin.ui.domains.cardSubtitle","Gestiona los dominios raíz del sistema y edita los subdominios desde un único panel."
"admin.ui.domains.closeForm","Cerrar formulario"
"admin.ui.domains.collapse","Contraer"
"admin.ui.domains.copy","Copiar"
"admin.ui.domains.createdAt","Creado el"
"admin.ui.domains.deactivate","Desactivar"
"admin.ui.domains.delete","Eliminar"
"admin.ui.domains.docs","Documentación de dominios"
"admin.ui.domains.edit","Editar"
"admin.ui.domains.emptySubtitle","Empieza añadiendo un dominio nuevo."
"admin.ui.domains.emptyTitle","Sin dominios"
"admin.ui.domains.expand","Expandir"
"admin.ui.domains.inactive","Inactivo"
"admin.ui.domains.loadingSubdomains","Cargando subdominios..."
"admin.ui.domains.mxRecord","Registro MX"
"admin.ui.domains.noSubSubtitle","Usa el campo de arriba para crear el primer subdominio de este dominio raíz."
"admin.ui.domains.noSubTitle","Aún no se han añadido subdominios"
"admin.ui.domains.refresh","Actualizar"
"admin.ui.domains.save","Guardar"
"admin.ui.domains.serverIp","IP del servidor"
"admin.ui.domains.subActive","{count} activos"
"admin.ui.domains.subExample","Ejemplo: demo@{domain}"
"admin.ui.domains.subPlaceholder","Añadir nuevo subdominio (p. ej. mail, gmail, temp)"
"admin.ui.domains.subSectionHint","Puedes crear y gestionar subdominios bajo este dominio raíz."
"admin.ui.domains.subdomainCopied","Subdominio copiado"
"admin.ui.domains.subdomains","Subdominios"
"admin.ui.domains.title","Gestión de dominios"
"admin.ui.domains.totalActiveAddr","Total de direcciones activas"
"admin.ui.domains.wildcardActive","Comodín activado"
"admin.ui.domains.wildcardEnabled","Activado"
"admin.ui.domains.wildcardHint","Si se activa, se pueden crear subdominios como *.domain.com"
"admin.ui.domains.wildcardOff","Comodín desactivado"
"admin.ui.domains.wildcardRequired","Activa primero el soporte de comodín para crear subdominios."
"admin.ui.domains.wildcardSupport","Soporte de comodín"
"admin.ui.domains.wildcardTitle","Soporte de subdominio comodín"
"admin.ui.editDomain.close","Cerrar"
"admin.ui.editDomain.copy","Copiar"
"admin.ui.editDomain.domain","Dominio"
"admin.ui.editDomain.exampleBody","123.45.67.89"
"admin.ui.editDomain.exampleLabel","Ejemplo:"
"admin.ui.editDomain.noteBody","Solo se aceptan dígitos y puntos."
"admin.ui.editDomain.noteLabel","Nota:"
"admin.ui.editDomain.save","Guardar"
"admin.ui.editDomain.serverIp","IP del servidor"
"admin.ui.editDomain.subtitle","Actualiza la dirección IP. El sistema regenera los valores A, MX y TXT automáticamente."
"admin.ui.editDomain.title","Editar dominio {domain}"
"admin.ui.editDomain.titleFallback","Editar dominio"
"admin.ui.editDomain.wildcardHint","Si se activa, se pueden crear subdominios como *.domain.com"
"admin.ui.editDomain.wildcardTitle","Soporte de subdominio comodín"
"admin.ui.emails.all","Todo el correo ({count})"
"admin.ui.emails.colAction","Acción"
"admin.ui.emails.colDate","Fecha"
"admin.ui.emails.colRecipient","Destinatario"
"admin.ui.emails.colSender","Remitente"
"admin.ui.emails.colSubject","Asunto"
"admin.ui.emails.colTag","Etiqueta"
"admin.ui.emails.copyOtp","Copiar OTP"
"admin.ui.emails.detail","Detalle de correo"
"admin.ui.emails.detailEmptySubtitle","Haz clic en el icono de ojo de la lista para ver los detalles."
"admin.ui.emails.detailEmptyTitle","Selecciona un correo"
"admin.ui.emails.emptySubtitle","El correo se listará aquí cuando el sistema empiece a recibir."
"admin.ui.emails.emptyTitle","Aún no hay correo"
"admin.ui.emails.next","Siguiente"
"admin.ui.emails.page","Página {page}"
"admin.ui.emails.prev","Anterior"
"admin.ui.emails.tagAttached","Adjunto"
"admin.ui.emails.tagNormal","Normal"
"admin.ui.requests.alreadyPro","Ya es Pro"
"admin.ui.requests.approve","Aprobar"
"admin.ui.requests.approved","Aprobado"
"admin.ui.requests.emptySubtitle","Las solicitudes Pro nuevas aparecen aquí."
"admin.ui.requests.emptyTitle","No hay solicitudes pendientes"
"admin.ui.requests.noMessage","No se dejó ningún mensaje."
"admin.ui.requests.pending","Pendiente"
"admin.ui.requests.reject","Rechazar"
"admin.ui.requests.rejected","Rechazado"
"admin.ui.requests.title","Solicitudes Pro ({count})"
"admin.ui.settings.activeDomainCount","Cantidad de dominios activos"
"admin.ui.settings.adminAuth","Autenticación de administrador"
"admin.ui.settings.adminAuthValue","JWT + contraseña de respaldo"
"admin.ui.settings.cleanupPolicy","Política de limpieza"
"admin.ui.settings.cleanupPolicyValue","Manual + basada en servicio"
"admin.ui.settings.defaultRetention","Retención de datos predeterminada"
"admin.ui.settings.defaultRetentionValue","7 días / solo activación manual"
"admin.ui.settings.defaultSoundDesc","Un efecto de campana brillante y en capas."
"admin.ui.settings.defaultSoundName","Campana de cristal"
"admin.ui.settings.general","Ajustes generales"
"admin.ui.settings.logout","Cerrar sesión de administrador"
"admin.ui.settings.mailVolume","Volumen de correo"
"admin.ui.settings.notifSound","Sonido de notificación"
"admin.ui.settings.opsSummary","Resumen de operaciones"
"admin.ui.settings.pendingRequests","Solicitudes pendientes"
"admin.ui.settings.preview","Vista previa"
"admin.ui.settings.protectedMailbox","Buzones con contraseña"
"admin.ui.settings.refreshAll","Actualizar todos los datos"
"admin.ui.settings.selectedSignal","Señal seleccionada"
"admin.ui.settings.totalUsers","Total de usuarios"
"admin.ui.users.activate","Activar"
"admin.ui.users.active","Activo"
"admin.ui.users.admin","Administrador"
"admin.ui.users.adminPackage","Paquete de administrador"
"admin.ui.users.bulkClose","Desactivar masivo"
"admin.ui.users.bulkOff","Desactivado"
"admin.ui.users.bulkOn","Activado"
"admin.ui.users.bulkOpen","Activar masivo"
"admin.ui.users.colAction","Acción"
"admin.ui.users.colAddr","Direcciones"
"admin.ui.users.colBulk","Masivo"
"admin.ui.users.colLastLogin","Último inicio de sesión"
"admin.ui.users.colMail","Correo"
"admin.ui.users.colRole","Rol"
"admin.ui.users.colStatus","Estado"
"admin.ui.users.colUser","Usuario"
"admin.ui.users.deactivate","Desactivar"
"admin.ui.users.emptySubtitle","Los usuarios registrados se listan aquí."
"admin.ui.users.emptyTitle","No se encontraron usuarios"
"admin.ui.users.free","Gratis"
"admin.ui.users.inactive","Inactivo"
"admin.ui.users.pools","{count} grupos"
"admin.ui.users.pro","Pro"
"admin.ui.users.proPlus","Pro+"
"admin.ui.users.title","Usuarios ({count})"
"adminBulk.activate","Activar"
"adminBulk.activePools","Grupos activos"
"adminBulk.addressCount","Cantidad"
"adminBulk.adminGeneration","Generación de administrador"
"adminBulk.allStatuses","Todos los estados"
"adminBulk.archive","Archivar"
"adminBulk.eyebrow","CONTROL MASIVO DE ADMINISTRADOR"
"adminBulk.generateFailed","Generación fallida"
"adminBulk.generateSuccess","{count} direcciones generadas"
"adminBulk.generateWithOverride","Generar con anulación de administrador"
"adminBulk.generating","Generando…"
"adminBulk.guideActive","Grupo abierto, la generación puede continuar"
"adminBulk.guideActiveLabel","activo"
"adminBulk.guideArchive","Grupo cerrado"
"adminBulk.guideArchiveLabel","archivado"
"adminBulk.guideBody","Gestiona los estados de los grupos aquí."
"adminBulk.guidePause","Generación en pausa"
"adminBulk.guidePauseLabel","en pausa"
"adminBulk.guideTitle","Control"
"adminBulk.ownerQuotaNote","Cuota del propietario: {count}"
"adminBulk.pause","Pausar"
"adminBulk.poolOperations","GRUPOS"
"adminBulk.poolOwner","Propietario del grupo"
"adminBulk.searchPlaceholder","Buscar prefijo, propietario o dominio"
"adminBulk.selectOwnerPrefixDomain","Selecciona propietario, prefijo y dominio"
"adminBulk.statusActive","activo"
"adminBulk.statusArchived","archivado"
"adminBulk.statusPaused","en pausa"
"adminBulk.subtitle","Generación masiva con anulación de cuota en nombre de usuarios y control de estado de grupos."
"adminBulk.title","Gestión de grupos masivos"
"adminBulk.viewForCsv","Ver CSV"
"app.accessOpened","Acceso a dirección abierto"
"app.accountRail","Cuenta"
"app.accountSettings","Ajustes de cuenta"
"app.addressCreatedPassworded","Dirección protegida con contraseña creada"
"app.addressCreatedReady","Nueva dirección lista"
"app.addressOpened","Dirección abierta"
"app.admin","Administrador"
"app.adminPanel","Panel de administrador"
"app.adminRequired","Se requiere acceso de administrador"
"app.automationGuestHint","Gestiona claves API y webhooks desde tu cuenta registrada."
"app.automationGuestTitle","Inicia sesión para automatización"
"app.automationRail","Automatización"
"app.bodyPlaceholder","Escribe tu mensaje"
"app.brandSubtitle","Espacio de trabajo de correo temporal de Mamak Studio"
"app.bulkAdminRail","Gestión masiva"
"app.cancel","Cancelar"
"app.close","Cerrar"
"app.composeBody","Cuerpo"
"app.composeFrom","De"
"app.composeSubject","Asunto"
"app.composeTitle","Correo nuevo"
"app.composeTo","Para"
"app.continue","Continuar"
"app.copyFail","Copia fallida"
"app.copySuccess","Copiado"
"app.deleted","Eliminado"
"app.docsRail","Documentación"
"app.domains","Dominios"
"app.domainsRail","Dominios"
"app.domainsSubtitle","Los dominios disponibles actualmente se listan abajo."
"app.errorOccurred","Algo salió mal"
"app.guestContinue","Continuar como invitado"
"app.guestHint","Admin: admin / admin123"
"app.guestMode","Invitado"
"app.guestModeDesc","Empezar sin iniciar sesión"
"app.inbox","Bandeja"
"app.loading","Cargando..."
"app.logout","Cerrar sesión"
"app.mobileNavAria","Menú móvil"
"app.newMailToast","Correo nuevo: {sender}"
"app.noActiveDomains","Aún no hay dominios activos."
"app.operationsRail","Operaciones"
"app.otpCopied","OTP: {otp}"
"app.otpCopyFail","No se pudo copiar el OTP"
"app.passwordLabel","Contraseña"
"app.passwordPlaceholder","Contraseña"
"app.passwordRequiredSubtitle","{address} está protegida con contraseña"
"app.passwordRequiredTitle","Contraseña requerida"
"app.passwordSaved","Contraseña guardada"
"app.preparing","Preparando {name}…"
"app.proFeatureAddresses","Creación ilimitada de direcciones"
"app.proFeatureDomains","Soporte de dominio personalizado"
"app.proFeatureMailStorage","5000 correos almacenados"
"app.proFeatureRetention","Retención de 365 días"
"app.proFeatureWebhooks","Integración de webhooks"
"app.proFeaturesTitle","Funciones del paquete Pro"
"app.proMessage","Mensaje (opcional)"
"app.proMessagePlaceholder","¿Por qué quieres Pro?"
"app.proRequestSubtitle","Conviértete en usuario Pro con aprobación de administrador"
"app.proRequestTitle","Mejorar a Pro"
"app.proRequested","Solicitud Pro enviada"
"app.proUpgrade","Pasar a Pro"
"app.recipientPlaceholder","destinatario@ejemplo.com"
"app.reloadPage","Recargar página"
"app.roleAdmin","Usuario administrador"
"app.roleFree","Usuario gratuito"
"app.rolePro","Usuario Pro"
"app.roleProPlus","Usuario Pro+"
"app.save","Guardar"
"app.send","Enviar"
"app.sent","Enviado"
"app.setPasswordSubtitle","Se requerirá una contraseña para accesos futuros"
"app.setPasswordTitle","Establecer contraseña"
"app.signIn","Iniciar sesión"
"app.signUp","Registrarse"
"app.subjectPlaceholder","Asunto"
"app.workspaceAria","Espacio de trabajo"
"auth.email","Correo"
"auth.freePlan","Gratis"
"auth.freePlanDesc","Crea una cuenta gratuita"
"auth.guestContinue","Continuar como invitado"
"auth.guestMode","Invitado"
"auth.guestModeDesc","Empezar sin iniciar sesión"
"auth.login","Iniciar sesión"
"auth.password","Contraseña"
"auth.proPlan","Pro"
"auth.proPlanDesc","Cuenta mejorada"
"auth.processing","⏳ Procesando..."
"auth.register","Registrarse"
"auth.subtitle","Permanece como invitado, crea una cuenta gratuita o mejora a Pro."
"auth.title","Correo temporal, menos spam."
"auth.username","Nombre de usuario"
"automation.activate","Activar"
"automation.active","activo"
"automation.addWebhook","Añadir webhook"
"automation.apiKey","Clave API"
"automation.copy","Copiar"
"automation.createKey","Crear clave"
"automation.deactivate","Desactivar"
"automation.events","Eventos"
"automation.eyebrow","CENTRO DE AUTOMATIZACIÓN"
"automation.hookNamePlaceholder","Eventos de producción"
"automation.hookUrlPlaceholder","https://example.com/hooks/mail"
"automation.inactive","inactivo"
"automation.keyNamePlaceholder","CUSTOM_TEMPMAIL_TOKEN"
"automation.lastUsed","Último uso"
"automation.master","MAESTRO"
"automation.masterKey","Clave maestra (todos los ámbitos)"
"automation.name","Nombre"
"automation.neverUsed","Nunca usado"
"automation.newSecret","Secreto nuevo — solo se muestra una vez"
"automation.noHooks","Aún no hay webhooks"
"automation.noKeys","Aún no hay claves API"
"automation.rateLimit","Límite de tasa (req/min)"
"automation.rateUnit","/min"
"automation.revoke","Revocar"
"automation.scopes","Ámbitos"
"automation.start","Iniciar"
"automation.stop","Detener"
"automation.subtitle","Conecta sistemas externos con claves API y destinos de webhook."
"automation.title","Centro de automatización"
"automation.usageCount","{count} solicitudes"
"automation.webhookTarget","Destino de notificación"
"bulk.accessDeniedBody","El acceso masivo requiere paquete Pro/Pro+ y permiso de administrador."
"bulk.accessDeniedTitle","Acceso a Bulk Studio desactivado"
"bulk.activeRecords","registros activos"
"bulk.addressesReady","{count} direcciones listas"
"bulk.adminOverride","anulación de administrador"
"bulk.continue","Continuar"
"bulk.continueAction","Continuar"
"bulk.continueFromIndex","El grupo existente continúa desde el índice {index}"
"bulk.copy","Copiar"
"bulk.copyAll","Copiar todo"
"bulk.createAddresses","Crear direcciones"
"bulk.createFailed","Creación fallida"
"bulk.domainLabel","Dominio"
"bulk.downloadTxt","Descargar TXT"
"bulk.eyebrow","BULK STUDIO"
"bulk.firstAddress","Primera dirección"
"bulk.howMany","¿Cuántas direcciones?"
"bulk.lastAddress","Última dirección"
"bulk.livePreview","Vista previa en vivo"
"bulk.loadPoolsFailed","No se pudieron cargar los grupos"
"bulk.newPoolWillCreate","El grupo nuevo generará {count} direcciones"
"bulk.newSeries","Serie de direcciones nueva"
"bulk.noPools","Aún no has creado un grupo."
"bulk.openMails","Abrir correos"
"bulk.plan","Plan"
"bulk.poolMeta","{count} direcciones · siguiente #{index}"
"bulk.prefixInvalid","Formato de prefijo no válido"
"bulk.prefixLabel","Prefijo"
"bulk.prefixPlaceholder","ejemplo"
"bulk.preparing","Preparando Bulk Studio…"
"bulk.selectDomain","Seleccionar dominio"
"bulk.startWith","Empezar con un prefijo"
"bulk.subtitle","Crea y gestiona grupos de direcciones basados en prefijos."
"bulk.successTarget","{prefix}_* @{domain}"
"bulk.title","Bulk Studio"
"bulk.yourPools","Tus grupos"
"bulkInbox.colRecipient","Destinatario"
"bulkInbox.colSenderSubject","Remitente / Asunto"
"bulkInbox.colTime","Hora"
"bulkInbox.copyOtp","Copiar OTP"
"bulkInbox.loadFailed","No se pudo cargar el correo"
"bulkInbox.loadOlder","Cargar correo anterior"
"bulkInbox.loading","Cargando…"
"bulkInbox.mailboxCount","{count} buzones"
"bulkInbox.modalSubtitle","Bandeja masiva · Todo el correo y códigos OTP de los buzones del grupo"
"bulkInbox.noMails","Aún no se ha recibido correo en este grupo"
"bulkInbox.noOtpMails","No hay correo que contenga OTP"
"bulkInbox.noSubject","(Sin asunto)"
"bulkInbox.otpCopyFailed","No se pudo copiar el OTP"
"bulkInbox.otpOnly","Solo OTP"
"bulkInbox.preparing","Preparando bandeja masiva…"
"bulkInbox.refresh","Actualizar"
"bulkInbox.searchPlaceholder","Buscar destinatario, remitente o asunto"
"bulkInbox.statText","{mails} correos · {otps} OTP"
"bulkInbox.toolbarHint","Haz clic en los códigos OTP para copiar"
"bulkInbox.unknownSender","(desconocido)"
"cmdk.actions","Acciones"
"cmdk.copyAddress","Copiar dirección"
"cmdk.domains","Dominios"
"cmdk.empty","Sin resultados"
"cmdk.navigate","Ir a"
"cmdk.newAddress","Dirección aleatoria nueva"
"cmdk.search","Buscar o ejecutar un comando…"
"cmdk.themeDark","Tema oscuro"
"cmdk.themeLight","Tema claro"
"docs.catApi","API Y BOT"
"docs.catBulk","BULK STUDIO"
"docs.catMail","OPERACIONES DE CORREO"
"docs.catServer","SERVIDOR Y DNS"
"docs.catStart","PRIMEROS PASOS"
"docs.cmdkHint","⌘K para búsqueda global"
"docs.codeCopied","Copiado"
"docs.codeCopy","Copiar"
"docs.codeExample","COMANDO DE EJEMPLO"
"docs.descApi","Flujo de bot seguro y de bajo tráfico con CUSTOM_TEMPMAIL_TOKEN."
"docs.descBulk","Genera grupos de buzones secuenciales con un prefijo y propiedad clara."
"docs.descMail","Flujo fiable desde la entrega del correo hasta el código de verificación."
"docs.descServer","Lista de verificación de operaciones para mantener sano el servidor de correo."
"docs.descStart","Abre un buzón, obtén el código de verificación y termina el trabajo."
"docs.heroEyebrow","MANUAL DE OPERACIONES"
"docs.heroSignal","Contrato en vivo"
"docs.heroSignalSub","Clave API · OTP · tiempo real"
"docs.heroSubtitle","Guía interna para operaciones de buzón, API y servidor."
"docs.heroTitle","Hazlo, consúltalo."
"docs.libraryAria","Temas de documentación"
"docs.noResult","No se encontró ningún tema coincidente."
"docs.noteApi","Una clave estándar solo accede a los buzones de su propietario. La clave maestra de administrador accede a todos los endpoints de operación."
"docs.noteBulk","Los usuarios Pro/Pro+ necesitan permiso masivo de administrador. Los administradores pueden generar en nombre de usuarios con anulación de cuota."
"docs.noteLabel","Nota de operaciones"
"docs.noteMail","La lista de correo se devuelve como un array plano dentro del sobre de respuesta; no hay un segundo objeto de correos."
"docs.noteServer","Para Coolify, el puerto 25 se expone directamente; HTTP/HTTPS se sirve a través de proxy."
"docs.noteStart","Si se solicita la misma dirección de nuevo, el sistema devuelve la información de buzón existente en lugar de un error."
"docs.searchPlaceholder","Buscar clave API, OTP, DNS, Bulk o endpoint"
"docs.sideAutomationBody","Usa `wait=25` y `after_id` para reducir el tráfico del bot."
"docs.sideAutomationStrong","Long-poll recomendado"
"docs.sideAutomationTitle","AUTOMATIZACIÓN"
"docs.sideDeployBody","El puerto 25, Docker Compose y los pasos DNS están en la guía del servidor."
"docs.sideDeployStrong","Listo para Coolify"
"docs.sideDeployTitle","DESPLIEGUE"
"docs.sideDomainBody","Los administradores pueden añadir subdominios a dominios activos."
"docs.sideDomainStrong","Subdominio soportado"
"docs.sideDomainTitle","DOMINIO"
"docs.stepApi1Body","Genera una clave que empiece por tm_ seleccionando los ámbitos necesarios en la pantalla de automatización."
"docs.stepApi1Title","Crear una clave"
"docs.stepApi2Body","La clave completa solo se muestra al crearla; guárdala en la variable de entorno de tu bot."
"docs.stepApi2Title","Guardar el secreto"
"docs.stepApi3Body","Espera con wait=25 hasta que llegue el correo en lugar de hacer polling completo cada 2,5s."
"docs.stepApi3Title","Usar long-poll"
"docs.stepApi4Body","Lee solo los correos nuevos con after_id."
"docs.stepApi4Title","Mantener el cursor"
"docs.stepBulk1Body","P. ej. elegir gork continúa las direcciones como gork_0, gork_1."
"docs.stepBulk1Title","Introduce un prefijo"
"docs.stepBulk2Body","Generación atómica entre 1 y 100; las colisiones se omiten."
"docs.stepBulk2Title","Elegir dominio y cantidad"
"docs.stepBulk3Body","Escanea correo y OTP de todos los destinatarios en un único flujo en la ventana de bandeja masiva."
"docs.stepBulk3Title","Abrir el grupo"
"docs.stepBulk4Body","El mismo grupo sigue generando desde el siguiente índice vacío."
"docs.stepBulk4Title","Continuar"
"docs.stepMail1Body","Se verifican dominio activo y destinatario registrado; el correo y los adjuntos se almacenan permanentemente."
"docs.stepMail1Title","SMTP recibe"
"docs.stepMail2Body","Se admiten BXS-AJ2, ABC-123, IRU-VO0 y códigos numéricos clásicos."
"docs.stepMail2Title","Se escanea el OTP"
"docs.stepMail3Body","© 2026, fecha/hora, pedido, números de seguimiento y referencia son señales de rechazo."
"docs.stepMail3Title","Se filtran los falsos candidatos"
"docs.stepMail4Body","Los eventos de correo/OTP nuevos se envían a canales Socket.io, SSE y webhook."
"docs.stepMail4Title","Se publica el evento"
"docs.stepServer1Body","mail.domain.tld debe apuntar a la IP del servidor, y el registro MX a este nombre de host."
"docs.stepServer1Title","Registros A y MX"
"docs.stepServer2Body","TCP 25 entrante debe estar abierto para SMTP; el proxy de Cloudflare debe permanecer desactivado."
"docs.stepServer2Title","Acceso al puerto 25"
"docs.stepServer3Body","SPF, DKIM, DMARC y PTR mejoran la entregabilidad."
"docs.stepServer3Title","Registros de seguridad"
"docs.stepServer4Body","Verifica con una copia de BD antes de desplegar; las migraciones son aditivas."
"docs.stepServer4Title","Proteger los datos"
"docs.stepStart1Body","Elige uno de los dominios activos o usa un subdominio añadido por el administrador."
"docs.stepStart1Title","Elegir un dominio"
"docs.stepStart2Body","Crea una dirección única o un grupo basado en prefijos con Bulk Studio."
"docs.stepStart2Title","Crear una dirección"
"docs.stepStart3Body","Consulta el correo nuevo en la Bandeja, SSE o long-poll."
"docs.stepStart3Title","Recibir el correo"
"docs.stepStart4Body","El código se detecta desde el asunto, texto y contexto HTML; cópialo directamente."
"docs.stepStart4Title","Usar el OTP"
"docs.titleApi","Automatización con clave API"
"docs.titleBulk","Grupos de prefijos"
"docs.titleMail","OTP, bandeja y tiempo real"
"docs.titleServer","SMTP, DNS y despliegue"
"docs.titleStart","Inicio rápido"
"docs.topics","TEMAS"
"domains.noneTitle","Sin dominios activos"
"domains.subdomainSupported","Subdominio soportado"
"emailView.attachments","Adjuntos ({count})"
"emailView.copied","Copiado"
"emailView.copy","Copiar"
"emailView.date","Fecha"
"emailView.noContent","Sin contenido"
"emailView.otpCode","Código de verificación"
"emailView.reply","Responder"
"emailView.selectMail","Selecciona un correo"
"emailView.selectMailHint","Elige un correo de la lista de la izquierda para ver su contenido."
"emailView.sender","De"
"emailView.subject","Asunto"
"emailView.subtitle","Contenido del mensaje y adjuntos"
"emailView.textMode","Texto"
"emailView.title","Detalle de correo"
"errors.actionFailed","Acción fallida"
"errors.addressCreateFailed","No se pudo crear la dirección"
"errors.sessionExpired","Tu sesión ha caducado, inicia sesión de nuevo"
"errors.wrongPassword","Contraseña incorrecta"
"inbox.confirmDelete","¿Eliminar este correo?"
"inbox.copyOtp","Copiar OTP"
"inbox.createAddressFirst","Crea una dirección primero"
"inbox.delete","Eliminar"
"inbox.filters","Filtros"
"inbox.footerHint","Los correos nuevos se muestran en esta lista al instante."
"inbox.footerTitle","Tus correos aparecerán aquí"
"inbox.live","En vivo"
"inbox.mailsWillAppear","El correo entrante aparecerá aquí."
"inbox.noMails","Aún no hay correo"
"inbox.noMailsHint","Los mensajes nuevos aparecen aquí en tiempo real."
"inbox.noResults","No se encontraron resultados"
"inbox.noSubject","(Sin asunto)"
"inbox.otpBadge","OTP"
"inbox.refresh","Actualizar"
"inbox.searchPlaceholder","Buscar..."
"inbox.subtitle","Transmisión de mensajes en vivo"
"inbox.title","Bandeja"
"inbox.waiting","En espera"
"inbox.yesterday","Ayer"
"nav.admin","Administrador"
"nav.learn","Recursos"
"nav.mailbox","Buzón"
"nav.scale","Escalar"
