key,fr
"account.accountArea","Espace de compte"
"account.active","Actif"
"account.address","Adresse"
"account.confirmDeleteAddress","Supprimer ""{address}"" ?"
"account.confirmRevokeSession","Terminer cette session ?"
"account.domain","Domaine"
"account.flashAddressDeleted","Adresse supprimée"
"account.flashAddressRenewed","Adresse renouvelée"
"account.flashAddressUpdated","Adresse mise à jour"
"account.flashAvatarUpdated","Photo de profil mise à jour"
"account.flashCodeReady","Code de vérification prêt"
"account.flashCodeRequired","Code de vérification requis"
"account.flashEmailRequired","E-mail requis"
"account.flashEmailUnchanged","E-mail inchangé"
"account.flashEmailUpdated","E-mail mis à jour"
"account.flashFavAdded","Domaine favori ajouté"
"account.flashFavRemoved","Domaine favori supprimé"
"account.flashPasswordChanged","Mot de passe modifié"
"account.flashPasswordFields","Remplissez tous les champs de mot de passe"
"account.flashPasswordMismatch","Les nouveaux mots de passe ne correspondent pas"
"account.flashPrefsUpdated","Préférences mises à jour"
"account.flashProfileUpdated","Profil mis à jour"
"account.flashSessionRevoked","Session terminée"
"account.flashUsernameLocked","Le nom d'utilisateur ne peut être modifié qu'une seule fois"
"account.flashUsernameRequired","Le nom d'utilisateur est requis"
"account.guestDescription","Vous pouvez utiliser l'application sans vous connecter. Créez un compte pour accéder au profil, à la sécurité et aux préférences."
"account.guestTitle","Utilisateur invité"
"account.logout","Déconnexion"
"account.mail","Courrier"
"account.noHistory","Aucun historique d'adresse pour le moment."
"account.noPassworded","Aucun e-mail protégé par mot de passe."
"account.open","Ouvrir"
"account.passwordedList","Tous les e-mails protégés par mot de passe"
"account.passwordedListHint","Adresses ouvertes avec un mot de passe"
"account.plan","Formule"
"account.ready","Prêt"
"account.recentUsed","Récent"
"account.recentUsedHint","Vos dernières adresses ouvertes"
"account.settings","Paramètres"
"account.subtitle","Statut rapide, utilisation et activité récente"
"account.title","Résumé du compte"
"account.usage","Utilisation"
"accountModal.accountNote","Note de compte"
"accountModal.active","Actif"
"accountModal.addressLimit","Limite d'adresses"
"accountModal.adminUnlimited","Les autorisations administrateur semblent illimitées."
"accountModal.allPasswordedEmails","Tous les e-mails protégés par mot de passe"
"accountModal.allPasswordedEmpty","Aucun e-mail protégé par mot de passe trouvé."
"accountModal.appearance","Apparence"
"accountModal.billingUnit","Unité de facturation"
"accountModal.changePassword","Changer le mot de passe"
"accountModal.changePasswordNote","Les changements de mot de passe sont gérés depuis cette fenêtre."
"accountModal.close","Fermer"
"accountModal.cooldownActive","Refroidissement actif"
"accountModal.currentPassword","Mot de passe actuel"
"accountModal.currentSession","Cette session"
"accountModal.defaultDomain","Domaine par défaut"
"accountModal.displayName","Nom affiché"
"accountModal.editable","Modifiable"
"accountModal.email","E-mail"
"accountModal.emailChange","Changement d'e-mail"
"accountModal.emailVerifyNote","Le changement d'e-mail nécessite un code de vérification."
"accountModal.expiring","Adresses expirant"
"accountModal.expiringDesc","Recevez un rappel pour les adresses sur le point de se fermer."
"accountModal.favoriteAddress","Adresse favorite"
"accountModal.favoriteDomains","Domaines favoris"
"accountModal.generalSubtitle","Modifiez rapidement les paramètres les plus utilisés dans cette fenêtre."
"accountModal.generalTitle","Apparence et valeurs par défaut"
"accountModal.language","Langue"
"accountModal.lastActive","Dernière activité"
"accountModal.limitsTitle","Utilisation et formule"
"accountModal.locked","Verrouillé"
"accountModal.loginFail","Échec"
"accountModal.loginHistory","Historique de connexion"
"accountModal.loginSuccess","Succès"
"accountModal.mailCount","Nombre de courriers"
"accountModal.mailRetention","Période de rétention du courrier"
"accountModal.newMail","Alertes de nouveau courrier"
"accountModal.newMailDesc","Me notifier quand un nouveau message arrive."
"accountModal.newPassword","Nouveau mot de passe"
"accountModal.newPasswordRepeat","Répéter le nouveau mot de passe"
"accountModal.noDomains","Aucun domaine."
"accountModal.noLoginHistory","Aucun historique de connexion trouvé."
"accountModal.noSessions","Aucune session active trouvée."
"accountModal.notificationPrefs","Préférences de notification"
"accountModal.notificationSound","Son de notification"
"accountModal.notifications","Préférences de notification"
"accountModal.otp","Alertes OTP"
"accountModal.otpNotification","Alertes OTP"
"accountModal.otpNotificationDesc","Afficher des alertes spéciales pour les codes à usage unique."
"accountModal.packageLimits","Les limites sont affichées par forfait."
"accountModal.pendingEmail","E-mail en attente"
"accountModal.planTitle","Formule"
"accountModal.preview","Aperçu"
"accountModal.profilePhoto","Téléverser une photo"
"accountModal.profileSave","Enregistrer le profil"
"accountModal.profileTitle","Détails du compte"
"accountModal.quickSave","Enregistrer"
"accountModal.quickStatus","Statut rapide"
"accountModal.quotaUsed","quota d'adresses utilisé"
"accountModal.ready","Prêt"
"accountModal.refresh","Actualiser"
"accountModal.reset","Réinitialiser"
"accountModal.retention","Rétention du courrier"
"accountModal.retentionAndSound","Rétention et son"
"accountModal.securityAlerts","Alertes de sécurité"
"accountModal.securityAlertsDesc","Me notifier les connexions suspectes."
"accountModal.securityStatus","Statut de sécurité"
"accountModal.selectOption","Sélectionner"
"accountModal.sessionsCloseNote","onglet pour fermer les connexions."
"accountModal.sessionsHint","Vous pouvez fermer les appareils ouverts ici."
"accountModal.sessionsTitle","Sessions actives"
"accountModal.statAddress","Adresse"
"accountModal.statFavoriteDomain","Domaine favori"
"accountModal.statMail","Courrier"
"accountModal.subtitle","Centre d'édition"
"accountModal.suspicious","Suspect"
"accountModal.tabs.general","Général"
"accountModal.tabs.preferences","Préférences"
"accountModal.tabs.profile","Profil"
"accountModal.tabs.security","Sécurité"
"accountModal.tabs.sessions","Sessions"
"accountModal.tabs.usage","Utilisation"
"accountModal.tabsSubtitle.general","Apparence et paramètres principaux"
"accountModal.tabsSubtitle.preferences","Notifications et domaines"
"accountModal.tabsSubtitle.profile","Nom, e-mail et photo"
"accountModal.tabsSubtitle.security","Mot de passe et protection du compte"
"accountModal.tabsSubtitle.sessions","Appareils et connexions"
"accountModal.tabsSubtitle.usage","Formule et informations de quota"
"accountModal.themeDark","Sombre"
"accountModal.themeLight","Clair"
"accountModal.themeSystem","Système"
"accountModal.tipBody","Vous pouvez changer d'onglet sans enregistrer. Les sections profil et sécurité fonctionnent directement dans cette fenêtre."
"accountModal.tipTitle","Astuce"
"accountModal.title","Paramètres du compte"
"accountModal.updatePassword","Mettre à jour le mot de passe"
"accountModal.upgradeLimit","Augmenter la limite"
"accountModal.upgradeable","Améliorable"
"accountModal.used","Utilisé"
"accountModal.usedDomain","Domaines utilisés"
"accountModal.username","Nom d'utilisateur"
"accountModal.usernameOnce","Utilisable une fois"
"accountModal.usernameRight","Droit du nom d'utilisateur"
"addressBar.activeBadge","Actif"
"addressBar.activeProtected","L'adresse est active et protégée par mot de passe"
"addressBar.activeReady","L'adresse est active et prête à l'emploi"
"addressBar.chooseDomain","Choisir le domaine"
"addressBar.confirmRandomSubtitle","Cela créera une nouvelle adresse et l'actuelle ne sera pas conservée."
"addressBar.confirmRandomTitle","Générer une adresse aléatoire ?"
"addressBar.confirmRefreshSubtitle","Une nouvelle adresse sera créée et votre adresse actuelle sera remplacée."
"addressBar.confirmRefreshTitle","Actualiser cette adresse ?"
"addressBar.copied","Copié"
"addressBar.copy","Copier"
"addressBar.domainsLoadError","Impossible de charger la liste des domaines. Actualisez la page ou réessayez plus tard."
"addressBar.hoursAgo","{n}h"
"addressBar.justNow","à l'instant"
"addressBar.loadingAction","Préparation..."
"addressBar.mainDomain","Domaine principal"
"addressBar.minutesAgo","{n}m"
"addressBar.noDomain","Aucun domaine pour le moment"
"addressBar.noDomainsHint","Aucun domaine n'a encore été ajouté. Ajoutez-en un dans le panneau d'administration."
"addressBar.noHistory","Aucun historique d'adresse pour le moment."
"addressBar.noPassworded","Aucune adresse protégée par mot de passe."
"addressBar.noSubdomains","Aucun sous-domaine ajouté pour le moment"
"addressBar.openAddress","Ouvrir l'adresse"
"addressBar.passwordedBadge","Protégé"
"addressBar.passwordedList","Tous les e-mails protégés par mot de passe"
"addressBar.protect","Protéger"
"addressBar.random","Aléatoire"
"addressBar.recentHint","Vos dernières adresses ouvertes"
"addressBar.recentUsed","Récent"
"addressBar.refresh","Actualiser"
"addressBar.safeSubtitle","Les e-mails sont reçus anonymement et chiffrés."
"addressBar.safeTitle","Prêt et sécurisé"
"addressBar.selected","Sélectionné"
"addressBar.subtitle","Votre adresse devient active instantanément et les messages arrivent dans la boîte de réception ci-dessous."
"addressBar.title","Votre adresse e-mail temporaire"
"admin.actions.addDomain","Ajouter un domaine"
"admin.actions.cleanup","Nettoyage"
"admin.actions.export","Exporter"
"admin.activity.addressCreated","Adresse créée"
"admin.activity.domainActive","Domaine actif"
"admin.activity.domainInactive","Domaine inactif"
"admin.activity.requestApproved","Demande approuvée"
"admin.activity.requestPending","Demande en attente"
"admin.activity.requestRejected","Demande rejetée"
"admin.common.active","Actif"
"admin.common.attachment","Pièce jointe"
"admin.common.closed","Fermé"
"admin.common.copy","Copier"
"admin.common.copyOtp","Copier l'OTP"
"admin.common.htmlContent","(Contenu HTML)"
"admin.common.no","Non"
"admin.common.noSubject","(Aucun objet)"
"admin.common.open","Ouvrir"
"admin.common.waiting","En attente"
"admin.common.yes","Oui"
"admin.confirm.cleanupAddress","Effacer l'historique du courrier pour {address} ?"
"admin.confirm.cleanupAll","Nettoyer toutes les données expirées ?"
"admin.confirm.deleteAddress","Supprimer définitivement {address} ?"
"admin.confirm.deleteDomain","Supprimer {name} ?"
"admin.confirm.deleteMail","Supprimer ce courrier ?"
"admin.confirm.deleteSubdomain","Supprimer le sous-domaine {name} ?"
"admin.detail.addressId","ID d'adresse"
"admin.detail.attachmentMails","Courriers avec pièces jointes"
"admin.detail.autoCleanup","Nettoyage automatique"
"admin.detail.back","Retour"
"admin.detail.clearHistory","Effacer l'historique"
"admin.detail.clearMailHistory","Effacer l'historique du courrier"
"admin.detail.copyAddress","Copier l'adresse"
"admin.detail.created","Créé"
"admin.detail.currentStatus","Statut actuel"
"admin.detail.deleteAddress","Supprimer l'adresse"
"admin.detail.detectedVerification","Vérification détectée"
"admin.detail.emptyMailboxSubtitle","Aucun courrier reçu à cette adresse pour le moment."
"admin.detail.emptyMailboxTitle","Boîte de réception vide"
"admin.detail.generalInfo","Informations générales"
"admin.detail.incomingContent","Contenu entrant"
"admin.detail.incomingMails","Courrier entrant"
"admin.detail.ipSession","IP / session"
"admin.detail.lastAccess","Dernier accès"
"admin.detail.lastActivity","Dernière activité"
"admin.detail.linkedDomain","Domaine lié"
"admin.detail.noOtpSubtitle","Aucun OTP détecté dans le courrier pour cette adresse pour le moment."
"admin.detail.noOtpTitle","Aucun enregistrement OTP"
"admin.detail.notTracked","Non suivi"
"admin.detail.openAccess","Accès ouvert"
"admin.detail.otpCodes","Codes OTP"
"admin.detail.otpCount","Nombre d'OTP"
"admin.detail.otpHistory","Historique OTP"
"admin.detail.passwordProtected","Protégé par mot de passe"
"admin.detail.passwordProtection","Protection par mot de passe"
"admin.detail.retention","Rétention"
"admin.detail.retentionPeriod","Période de rétention"
"admin.detail.securityActions","Sécurité et actions"
"admin.detail.selectMailSubtitle","Cliquez sur l'icône œil dans le tableau pour voir les détails."
"admin.detail.selectMailTitle","Sélectionner un courrier"
"admin.detail.statistics","Statistiques"
"admin.detail.status","Statut"
"admin.detail.subtitle","Audit et historique de la boîte de réception"
"admin.detail.totalOtpRecords","Total des enregistrements OTP"
"admin.detail.username","Nom d'utilisateur"
"admin.dns.noteA","L'enregistrement A pointe le nom d'hôte vers l'IP du serveur"
"admin.dns.noteDkim","Clé de signature DKIM"
"admin.dns.noteDmarc","Politique DMARC"
"admin.dns.noteMx","L'enregistrement MX achemine le trafic de courrier vers ce nom d'hôte"
"admin.dns.noteSpf","SPF autorise le serveur d'envoi"
"admin.dns.noteVerification","Vérification de propriété du domaine"
"admin.errors.authRequired","Accès administrateur requis"
"admin.errors.endpointMissing","Point de terminaison introuvable"
"admin.errors.ipRequired","Entrez une IP valide"
"admin.errors.mailDetailFailed","Impossible de charger les détails du courrier"
"admin.errors.requestFailed","Échec de la requête"
"admin.flash.addressCleaned","Historique de l'adresse effacé"
"admin.flash.addressDeleted","Adresse supprimée"
"admin.flash.allDnsCopied","Toutes les valeurs DNS copiées"
"admin.flash.bulkDisabled","Accès en masse désactivé"
"admin.flash.bulkEnabled","Accès en masse activé"
"admin.flash.cleanupDone","Nettoyage terminé"
"admin.flash.copied","Copié"
"admin.flash.copyFailed","Échec de la copie"
"admin.flash.dnsRefreshed","Vérification DNS actualisée"
"admin.flash.domainActivated","Domaine activé"
"admin.flash.domainAdded","""{domain}"" ajouté"
"admin.flash.domainAddedWildcard"," (caractère générique actif)"
"admin.flash.domainDeactivated","Domaine désactivé"
"admin.flash.domainDeleted","""{name}"" supprimé"
"admin.flash.domainUpdated","Domaine mis à jour"
"admin.flash.exported","Export téléchargé"
"admin.flash.loginSuccess","Connexion administrateur réussie"
"admin.flash.mailDeleted","Courrier supprimé"
"admin.flash.packageUpdated","Forfait mis à jour"
"admin.flash.recordCopied","{title} copié"
"admin.flash.requestApproved","Demande approuvée"
"admin.flash.requestRejected","Demande rejetée"
"admin.flash.roleUpdated","Rôle mis à jour"
"admin.flash.subdomainAdded","Sous-domaine ""{domain}"" ajouté"
"admin.flash.subdomainDeleted","Sous-domaine ""{name}"" supprimé"
"admin.flash.userActivated","Utilisateur activé"
"admin.flash.userDeactivated","Utilisateur désactivé"
"admin.hero.eyebrow","Centre de contrôle"
"admin.hero.subtitle","Gestion du système MS Temp Mail, statistiques en direct et flux d'opérations."
"admin.hero.title","Panneau d'administration"
"admin.login.defaultPassword","Par défaut :"
"admin.login.loading","Vérification…"
"admin.login.passwordLabel","Mot de passe administrateur"
"admin.login.submit","Se connecter"
"admin.login.subtitle","Continuer avec les identifiants administrateur"
"admin.login.title","Panneau d'administration"
"admin.mix.attachment","Joint"
"admin.mix.normal","Normal"
"admin.stats.activeDomains","Domaines actifs"
"admin.stats.allTime","Depuis le début"
"admin.stats.last24h","Dernières 24 heures"
"admin.stats.newMessages","Nouveau courrier entrant"
"admin.stats.protectedCount","Protégés : {count}"
"admin.stats.totalAddresses","Total des adresses"
"admin.stats.totalDomains","Total : {count}"
"admin.stats.totalMail","Total du courrier"
"admin.system.activeDomains","Domaines actifs"
"admin.system.adminSession","Session administrateur"
"admin.system.cleanupPolicy","Politique de nettoyage"
"admin.system.cleanupPolicyValue","Automatique + manuel"
"admin.system.protectedMailbox","Boîtes de réception protégées"
"admin.system.smtpFlow","Flux SMTP"
"admin.table.action","Action"
"admin.table.date","Date"
"admin.table.sender","Expéditeur"
"admin.table.subject","Objet"
"admin.table.tag","Étiquette"
"admin.tabs.addresses","Adresses"
"admin.tabs.bulk","Pools en masse"
"admin.tabs.dashboard","Tableau de bord"
"admin.tabs.domains","Domaines"
"admin.tabs.emails","E-mails"
"admin.tabs.requests","Demandes"
"admin.tabs.settings","Paramètres"
"admin.tabs.users","Utilisateurs"
"admin.ui.addr.active","Adresses actives"
"admin.ui.addr.activeHint","Accès récent ou courrier présent"
"admin.ui.addr.all","Toutes les adresses"
"admin.ui.addr.clearFilter","Effacer le filtre"
"admin.ui.addr.colActions","Actions"
"admin.ui.addr.colActivity","Dernière activité"
"admin.ui.addr.colCreated","Créé"
"admin.ui.addr.colDomain","Domaine"
"admin.ui.addr.colEmail","Adresse e-mail"
"admin.ui.addr.colMailCount","Nombre de courriers"
"admin.ui.addr.colRetention","Rétention"
"admin.ui.addr.colStatus","Statut"
"admin.ui.addr.emptySubtitle","Effacez la recherche et les filtres puis réessayez."
"admin.ui.addr.emptyTitle","Aucune adresse trouvée"
"admin.ui.addr.expired","Expiré"
"admin.ui.addr.expiredHint","En attente de nettoyage"
"admin.ui.addr.fActive","Actif"
"admin.ui.addr.fDomain","Domaine"
"admin.ui.addr.fExpired","Expiré"
"admin.ui.addr.fIdle","Inactif"
"admin.ui.addr.fProtected","Protégé"
"admin.ui.addr.fStatus","Statut"
"admin.ui.addr.next","Suivant"
"admin.ui.addr.page","Page {page} / {total}"
"admin.ui.addr.prev","Précédent"
"admin.ui.addr.protected","Protégé par mot de passe"
"admin.ui.addr.protectedHint","Sécurité supplémentaire activée"
"admin.ui.addr.searchPlaceholder","Rechercher une adresse e-mail..."
"admin.ui.addr.showingRange","Affichage de {from}-{to} sur {total} adresses"
"admin.ui.addr.sortDomain","Domaine"
"admin.ui.addr.sortLastMail","Dernière activité"
"admin.ui.addr.sortNewest","Trier : Plus récent"
"admin.ui.addr.sortOldest","Trier : Plus ancien"
"admin.ui.addr.sortUsage","Nombre d'utilisations"
"admin.ui.addr.total","Total des adresses"
"admin.ui.addr.totalHint","Tous les enregistrements de boîtes de réception"
"admin.ui.bulk.accessOff","Désactivé"
"admin.ui.bulk.accessOn","Activé"
"admin.ui.bulk.activePool","Pools actifs"
"admin.ui.bulk.activePoolHint","Pools de préfixes liés aux utilisateurs"
"admin.ui.bulk.authorizedUsers","Utilisateurs autorisés"
"admin.ui.bulk.authorizedUsersHint","Pro et Pro+ uniquement"
"admin.ui.bulk.colAccess","Accès"
"admin.ui.bulk.colAddr","Adresses"
"admin.ui.bulk.colLastGen","Dernière génération"
"admin.ui.bulk.colOwner","Propriétaire"
"admin.ui.bulk.colPackage","Forfait"
"admin.ui.bulk.colPool","Pool"
"admin.ui.bulk.emptySubtitle","Les utilisateurs Pro/Pro+ que vous autorisez peuvent créer des pools ici."
"admin.ui.bulk.emptyTitle","Aucun pool en masse trouvé"
"admin.ui.bulk.generatedAddr","Adresses générées"
"admin.ui.bulk.generatedAddrHint","Inclus dans le quota du forfait normal"
"admin.ui.bulk.pools","Pools en masse ({count})"
"admin.ui.bulk.searchPlaceholder","Rechercher un utilisateur, un préfixe ou un domaine"
"admin.ui.dash.activityEmptySubtitle","Les nouvelles actions apparaîtront ici."
"admin.ui.dash.activityEmptyTitle","Aucune activité pour le moment"
"admin.ui.dash.colAction","Action"
"admin.ui.dash.colAddress","Adresses"
"admin.ui.dash.colCreated","Créé"
"admin.ui.dash.colRecipient","Destinataire"
"admin.ui.dash.colStatus","Statut"
"admin.ui.dash.domainEmptySubtitle","Ajoutez un nouveau domaine via l'action rapide ci-dessus."
"admin.ui.dash.domainEmptyTitle","Aucun domaine ajouté pour le moment"
"admin.ui.dash.domainMgmt","Gestion des domaines"
"admin.ui.dash.expiredAddr","Adresses expirées"
"admin.ui.dash.inactiveUsers","Utilisateurs inactifs"
"admin.ui.dash.mailMix","Distribution du courrier"
"admin.ui.dash.mailsEmptySubtitle","Les nouveaux messages seront listés ici à leur arrivée."
"admin.ui.dash.mailsEmptyTitle","Aucun courrier pour le moment"
"admin.ui.dash.manageRequests","Gérer les demandes"
"admin.ui.dash.mixEmptySubtitle","Le graphique circulaire se remplira à mesure que le courrier arrive."
"admin.ui.dash.mixEmptyTitle","Aucune donnée de distribution"
"admin.ui.dash.opsSummary","Résumé des opérations"
"admin.ui.dash.pendingPro","Demande Pro en attente"
"admin.ui.dash.protectedAddr","Adresses protégées par mot de passe"
"admin.ui.dash.recentActivity","Activité récente"
"admin.ui.dash.recentMails","Courrier récent"
"admin.ui.dash.security","Sécurité et nettoyage"
"admin.ui.dash.systemStatus","Statut du système"
"admin.ui.dash.tagIncoming","Entrant"
"admin.ui.dash.traffic","Trafic du courrier"
"admin.ui.dash.trafficEmptySubtitle","Le trafic apparaîtra ici à mesure que le courrier arrive."
"admin.ui.dash.trafficEmptyTitle","Aucune donnée pour le graphique"
"admin.ui.dash.viewAll","Voir tout"
"admin.ui.dash.viewAllMails","Voir tous les courriers"
"admin.ui.dnsModal.aRecordCopied","Enregistrement A copié"
"admin.ui.dnsModal.addLabel","Ajouter"
"admin.ui.dnsModal.close","Fermer"
"admin.ui.dnsModal.colAction","Action"
"admin.ui.dnsModal.colHost","Hôte"
"admin.ui.dnsModal.colType","Type"
"admin.ui.dnsModal.colValue","Valeur"
"admin.ui.dnsModal.copy","Copier"
"admin.ui.dnsModal.copyAll","Tout copier"
"admin.ui.dnsModal.copyAllValues","Copier toutes les valeurs"
"admin.ui.dnsModal.copyDomainName","Copier le nom de domaine"
"admin.ui.dnsModal.dnsRecords","Enregistrements DNS"
"admin.ui.dnsModal.domainDesc","Les enregistrements DNS requis pour votre domaine sélectionné sont affichés ci-dessous."
"admin.ui.dnsModal.domainName","Nom de domaine"
"admin.ui.dnsModal.domainNameCopied","Nom de domaine copié"
"admin.ui.dnsModal.howToBody","Allez dans le panneau DNS de votre domaine et ajoutez complètement les enregistrements ci-dessus."
"admin.ui.dnsModal.howToTitle","Comment utiliser ?"
"admin.ui.dnsModal.mxRecordCopied","Enregistrement MX copié"
"admin.ui.dnsModal.propagationBody","Les changements DNS se propagent généralement en 5 à 60 minutes."
"admin.ui.dnsModal.propagationTitle","Temps de propagation"
"admin.ui.dnsModal.recordStatus","Statut de l'enregistrement"
"admin.ui.dnsModal.refreshVerify","Actualiser la vérification"
"admin.ui.dnsModal.serverIp","IP du serveur"
"admin.ui.dnsModal.serverIpCopied","IP du serveur copiée"
"admin.ui.dnsModal.serverIpDesc","Tout le trafic de courrier sera acheminé via cette adresse IP."
"admin.ui.dnsModal.subtitle","Ajoutez les enregistrements DNS ci-dessous pour votre domaine."
"admin.ui.dnsModal.title","Configuration des enregistrements DNS"
"admin.ui.dnsModal.txtRecordCopied","Enregistrement TXT copié"
"admin.ui.dnsModal.verifyBody","Vous pouvez actualiser la vérification une fois les enregistrements ajoutés."
"admin.ui.dnsModal.verifyTitle","Vérification"
"admin.ui.dnsModal.wildcardCopied","Enregistrements DNS de sous-domaine générique copiés"
"admin.ui.dnsModal.wildcardDesc","Ajoutez les enregistrements DNS ci-dessous pour la prise en charge des sous-domaines. Avec ces enregistrements, tous les sous-domaines comme *.domain.com fonctionnent automatiquement."
"admin.ui.dnsModal.wildcardNote","Remarque :"
"admin.ui.dnsModal.wildcardNoteBody","tous les sous-domaines fonctionneront automatiquement. Les utilisateurs peuvent créer une adresse e-mail en choisissant n'importe quel sous-domaine."
"admin.ui.dnsModal.wildcardTitle","Enregistrements DNS de sous-domaine générique"
"admin.ui.domains.activate","Activer"
"admin.ui.domains.active","Actif"
"admin.ui.domains.activeAddr","{count} adresses actives"
"admin.ui.domains.activeTotal","{active} actives / {total} au total"
"admin.ui.domains.add","Ajouter"
"admin.ui.domains.addNew","Ajouter un domaine"
"admin.ui.domains.addrUnit","{count} adresses"
"admin.ui.domains.cardSubtitle","Gérez les domaines racine du système et modifiez les sous-domaines depuis un panneau unique."
"admin.ui.domains.closeForm","Fermer le formulaire"
"admin.ui.domains.collapse","Réduire"
"admin.ui.domains.copy","Copier"
"admin.ui.domains.createdAt","Créé le"
"admin.ui.domains.deactivate","Désactiver"
"admin.ui.domains.delete","Supprimer"
"admin.ui.domains.docs","Docs du domaine"
"admin.ui.domains.edit","Modifier"
"admin.ui.domains.emptySubtitle","Commencez par ajouter un nouveau domaine."
"admin.ui.domains.emptyTitle","Aucun domaine"
"admin.ui.domains.expand","Développer"
"admin.ui.domains.inactive","Inactif"
"admin.ui.domains.loadingSubdomains","Chargement des sous-domaines..."
"admin.ui.domains.mxRecord","Enregistrement MX"
"admin.ui.domains.noSubSubtitle","Utilisez le champ ci-dessus pour créer le premier sous-domaine de ce domaine racine."
"admin.ui.domains.noSubTitle","Aucun sous-domaine ajouté pour le moment"
"admin.ui.domains.refresh","Actualiser"
"admin.ui.domains.save","Enregistrer"
"admin.ui.domains.serverIp","IP du serveur"
"admin.ui.domains.subActive","{count} actifs"
"admin.ui.domains.subExample","Exemple : demo@{domain}"
"admin.ui.domains.subPlaceholder","Ajouter un nouveau sous-domaine (ex. mail, gmail, temp)"
"admin.ui.domains.subSectionHint","Vous pouvez créer et gérer des sous-domaines sous ce domaine racine."
"admin.ui.domains.subdomainCopied","Sous-domaine copié"
"admin.ui.domains.subdomains","Sous-domaines"
"admin.ui.domains.title","Gestion des domaines"
"admin.ui.domains.totalActiveAddr","Total des adresses actives"
"admin.ui.domains.wildcardActive","Caractère générique activé"
"admin.ui.domains.wildcardEnabled","Activé"
"admin.ui.domains.wildcardHint","Si activé, des sous-domaines comme *.domain.com peuvent être créés"
"admin.ui.domains.wildcardOff","Caractère générique désactivé"
"admin.ui.domains.wildcardRequired","Activez d'abord la prise en charge des caractères génériques pour créer des sous-domaines."
"admin.ui.domains.wildcardSupport","Prise en charge des caractères génériques"
"admin.ui.domains.wildcardTitle","Prise en charge des sous-domaines génériques"
"admin.ui.editDomain.close","Fermer"
"admin.ui.editDomain.copy","Copier"
"admin.ui.editDomain.domain","Domaine"
"admin.ui.editDomain.exampleBody","123.45.67.89"
"admin.ui.editDomain.exampleLabel","Exemple :"
"admin.ui.editDomain.noteBody","Seuls les chiffres et les points sont acceptés."
"admin.ui.editDomain.noteLabel","Remarque :"
"admin.ui.editDomain.save","Enregistrer"
"admin.ui.editDomain.serverIp","IP du serveur"
"admin.ui.editDomain.subtitle","Mettez à jour l'adresse IP. Le système régénère automatiquement les valeurs A, MX et TXT."
"admin.ui.editDomain.title","Modifier le domaine {domain}"
"admin.ui.editDomain.titleFallback","Modifier le domaine"
"admin.ui.editDomain.wildcardHint","Si activé, des sous-domaines comme *.domain.com peuvent être créés"
"admin.ui.editDomain.wildcardTitle","Prise en charge des sous-domaines génériques"
"admin.ui.emails.all","Tout le courrier ({count})"
"admin.ui.emails.colAction","Action"
"admin.ui.emails.colDate","Date"
"admin.ui.emails.colRecipient","Destinataire"
"admin.ui.emails.colSender","Expéditeur"
"admin.ui.emails.colSubject","Objet"
"admin.ui.emails.colTag","Étiquette"
"admin.ui.emails.copyOtp","Copier l'OTP"
"admin.ui.emails.detail","Détail du courrier"
"admin.ui.emails.detailEmptySubtitle","Cliquez sur l'icône œil dans la liste pour voir les détails."
"admin.ui.emails.detailEmptyTitle","Sélectionner un courrier"
"admin.ui.emails.emptySubtitle","Les courriers seront listés ici une fois que le système commencera à en recevoir."
"admin.ui.emails.emptyTitle","Aucun courrier pour le moment"
"admin.ui.emails.next","Suivant"
"admin.ui.emails.page","Page {page}"
"admin.ui.emails.prev","Précédent"
"admin.ui.emails.tagAttached","Joint"
"admin.ui.emails.tagNormal","Normal"
"admin.ui.requests.alreadyPro","Déjà Pro"
"admin.ui.requests.approve","Approuver"
"admin.ui.requests.approved","Approuvée"
"admin.ui.requests.emptySubtitle","Les nouvelles demandes Pro apparaissent ici."
"admin.ui.requests.emptyTitle","Aucune demande en attente"
"admin.ui.requests.noMessage","Aucun message laissé."
"admin.ui.requests.pending","En attente"
"admin.ui.requests.reject","Rejeter"
"admin.ui.requests.rejected","Rejetée"
"admin.ui.requests.title","Demandes Pro ({count})"
"admin.ui.settings.activeDomainCount","Nombre de domaines actifs"
"admin.ui.settings.adminAuth","Authentification administrateur"
"admin.ui.settings.adminAuthValue","JWT + repli par mot de passe"
"admin.ui.settings.cleanupPolicy","Politique de nettoyage"
"admin.ui.settings.cleanupPolicyValue","Manuel + basé sur service"
"admin.ui.settings.defaultRetention","Rétention des données par défaut"
"admin.ui.settings.defaultRetentionValue","7 jours / déclenchement manuel uniquement"
"admin.ui.settings.defaultSoundDesc","Un effet de carillon lumineux et superposé."
"admin.ui.settings.defaultSoundName","Carillon de verre"
"admin.ui.settings.general","Paramètres généraux"
"admin.ui.settings.logout","Déconnecter la session administrateur"
"admin.ui.settings.mailVolume","Volume de courrier"
"admin.ui.settings.notifSound","Son de notification"
"admin.ui.settings.opsSummary","Résumé des opérations"
"admin.ui.settings.pendingRequests","Demandes en attente"
"admin.ui.settings.preview","Aperçu"
"admin.ui.settings.protectedMailbox","Boîtes de réception protégées par mot de passe"
"admin.ui.settings.refreshAll","Actualiser toutes les données"
"admin.ui.settings.selectedSignal","Signal sélectionné"
"admin.ui.settings.totalUsers","Total des utilisateurs"
"admin.ui.users.activate","Activer"
"admin.ui.users.active","Actif"
"admin.ui.users.admin","Administrateur"
"admin.ui.users.adminPackage","Forfait administrateur"
"admin.ui.users.bulkClose","Désactiver le mode masse"
"admin.ui.users.bulkOff","Désactivé"
"admin.ui.users.bulkOn","Activé"
"admin.ui.users.bulkOpen","Activer le mode masse"
"admin.ui.users.colAction","Action"
"admin.ui.users.colAddr","Adresses"
"admin.ui.users.colBulk","Masse"
"admin.ui.users.colLastLogin","Dernière connexion"
"admin.ui.users.colMail","Courrier"
"admin.ui.users.colRole","Rôle"
"admin.ui.users.colStatus","Statut"
"admin.ui.users.colUser","Utilisateur"
"admin.ui.users.deactivate","Désactiver"
"admin.ui.users.emptySubtitle","Les utilisateurs enregistrés sont listés ici."
"admin.ui.users.emptyTitle","Aucun utilisateur trouvé"
"admin.ui.users.free","Gratuit"
"admin.ui.users.inactive","Inactif"
"admin.ui.users.pools","{count} pools"
"admin.ui.users.pro","Pro"
"admin.ui.users.proPlus","Pro+"
"admin.ui.users.title","Utilisateurs ({count})"
"adminBulk.activate","Activer"
"adminBulk.activePools","Pools actifs"
"adminBulk.addressCount","Nombre"
"adminBulk.adminGeneration","Génération administrateur"
"adminBulk.allStatuses","Tous les statuts"
"adminBulk.archive","Archiver"
"adminBulk.eyebrow","CONTRÔLE MASSE ADMIN"
"adminBulk.generateFailed","Échec de la génération"
"adminBulk.generateSuccess","{count} adresses générées"
"adminBulk.generateWithOverride","Générer avec remplacement administrateur"
"adminBulk.generating","Génération…"
"adminBulk.guideActive","Pool ouvert, la génération peut continuer"
"adminBulk.guideActiveLabel","actif"
"adminBulk.guideArchive","Pool fermé"
"adminBulk.guideArchiveLabel","archivé"
"adminBulk.guideBody","Gérez les statuts des pools ici."
"adminBulk.guidePause","Génération en pause"
"adminBulk.guidePauseLabel","en pause"
"adminBulk.guideTitle","Contrôle"
"adminBulk.ownerQuotaNote","Quota du propriétaire : {count}"
"adminBulk.pause","Mettre en pause"
"adminBulk.poolOperations","POOLS"
"adminBulk.poolOwner","Propriétaire du pool"
"adminBulk.searchPlaceholder","Rechercher un préfixe, un propriétaire ou un domaine"
"adminBulk.selectOwnerPrefixDomain","Sélectionner le propriétaire, le préfixe et le domaine"
"adminBulk.statusActive","actif"
"adminBulk.statusArchived","archivé"
"adminBulk.statusPaused","en pause"
"adminBulk.subtitle","Génération en masse avec remplacement de quota pour le compte des utilisateurs et contrôle du statut des pools."
"adminBulk.title","Gestion des pools en masse"
"adminBulk.viewForCsv","Voir CSV"
"app.accessOpened","Accès à l'adresse ouvert"
"app.accountRail","Compte"
"app.accountSettings","Paramètres du compte"
"app.addressCreatedPassworded","Adresse protégée par mot de passe créée"
"app.addressCreatedReady","Nouvelle adresse prête"
"app.addressOpened","Adresse ouverte"
"app.admin","Administrateur"
"app.adminPanel","Panneau d'administration"
"app.adminRequired","Accès administrateur requis"
"app.automationGuestHint","Gérez les clés API et les webhooks depuis votre compte enregistré."
"app.automationGuestTitle","Connectez-vous pour l'automatisation"
"app.automationRail","Automatisation"
"app.bodyPlaceholder","Rédigez votre message"
"app.brandSubtitle","Espace de courrier temporaire Mamak Studio"
"app.bulkAdminRail","Gestion en masse"
"app.cancel","Annuler"
"app.close","Fermer"
"app.composeBody","Corps"
"app.composeFrom","De"
"app.composeSubject","Objet"
"app.composeTitle","Nouveau courrier"
"app.composeTo","À"
"app.continue","Continuer"
"app.copyFail","Échec de la copie"
"app.copySuccess","Copié"
"app.deleted","Supprimé"
"app.docsRail","Docs"
"app.domains","Domaines"
"app.domainsRail","Domaines"
"app.domainsSubtitle","Les domaines actuellement disponibles sont listés ci-dessous."
"app.errorOccurred","Une erreur s'est produite"
"app.guestContinue","Continuer en tant qu'invité"
"app.guestHint","Admin : admin / admin123"
"app.guestMode","Invité"
"app.guestModeDesc","Commencer sans se connecter"
"app.inbox","Boîte de réception"
"app.loading","Chargement..."
"app.logout","Se déconnecter"
"app.mobileNavAria","Menu mobile"
"app.newMailToast","Nouveau courrier : {sender}"
"app.noActiveDomains","Aucun domaine actif pour le moment."
"app.operationsRail","Opérations"
"app.otpCopied","OTP : {otp}"
"app.otpCopyFail","L'OTP n'a pas pu être copié"
"app.passwordLabel","Mot de passe"
"app.passwordPlaceholder","Mot de passe"
"app.passwordRequiredSubtitle","{address} est protégée par mot de passe"
"app.passwordRequiredTitle","Mot de passe requis"
"app.passwordSaved","Mot de passe enregistré"
"app.preparing","Préparation de {name}…"
"app.proFeatureAddresses","Création d'adresses illimitée"
"app.proFeatureDomains","Prise en charge de domaine personnalisé"
"app.proFeatureMailStorage","Stockage de 5000 courriers"
"app.proFeatureRetention","Rétention de 365 jours"
"app.proFeatureWebhooks","Intégration Webhook"
"app.proFeaturesTitle","Fonctionnalités du forfait Pro"
"app.proMessage","Message (facultatif)"
"app.proMessagePlaceholder","Pourquoi souhaitez-vous Pro ?"
"app.proRequestSubtitle","Devenez utilisateur Pro avec l'approbation d'un administrateur"
"app.proRequestTitle","Passer à Pro"
"app.proRequested","Demande Pro envoyée"
"app.proUpgrade","Passer à Pro"
"app.recipientPlaceholder","destinataire@exemple.com"
"app.reloadPage","Recharger la page"
"app.roleAdmin","Utilisateur administrateur"
"app.roleFree","Utilisateur gratuit"
"app.rolePro","Utilisateur Pro"
"app.roleProPlus","Utilisateur Pro+"
"app.save","Enregistrer"
"app.send","Envoyer"
"app.sent","Envoyé"
"app.setPasswordSubtitle","Un mot de passe sera requis pour les accès futurs"
"app.setPasswordTitle","Définir un mot de passe"
"app.signIn","Se connecter"
"app.signUp","S'inscrire"
"app.subjectPlaceholder","Objet"
"app.workspaceAria","Espace de travail"
"auth.email","E-mail"
"auth.freePlan","Gratuit"
"auth.freePlanDesc","Créer un compte gratuit"
"auth.guestContinue","Continuer en tant qu'invité"
"auth.guestMode","Invité"
"auth.guestModeDesc","Commencer sans se connecter"
"auth.login","Se connecter"
"auth.password","Mot de passe"
"auth.proPlan","Pro"
"auth.proPlanDesc","Compte amélioré"
"auth.processing","⏳ Traitement..."
"auth.register","S'inscrire"
"auth.subtitle","Restez invité, créez un compte gratuit ou passez à Pro."
"auth.title","E-mail temporaire, moins de spam."
"auth.username","Nom d'utilisateur"
"automation.activate","Activer"
"automation.active","actif"
"automation.addWebhook","Ajouter un webhook"
"automation.apiKey","Clé API"
"automation.copy","Copier"
"automation.createKey","Créer une clé"
"automation.deactivate","Désactiver"
"automation.events","Événements"
"automation.eyebrow","CENTRE D'AUTOMATISATION"
"automation.hookNamePlaceholder","Événements de production"
"automation.hookUrlPlaceholder","https://exemple.com/hooks/mail"
"automation.inactive","inactif"
"automation.keyNamePlaceholder","CUSTOM_TEMPMAIL_TOKEN"
"automation.lastUsed","Dernière utilisation"
"automation.master","MAÎTRE"
"automation.masterKey","Clé maîtresse (tous les portées)"
"automation.name","Nom"
"automation.neverUsed","Jamais utilisé"
"automation.newSecret","Nouveau secret — affiché une seule fois"
"automation.noHooks","Aucun webhook pour le moment"
"automation.noKeys","Aucune clé API pour le moment"
"automation.rateLimit","Limite de débit (req/min)"
"automation.rateUnit","/min"
"automation.revoke","Révoquer"
"automation.scopes","Portées"
"automation.start","Démarrer"
"automation.stop","Arrêter"
"automation.subtitle","Connectez des systèmes externes avec des clés API et des cibles webhook."
"automation.title","Centre d'automatisation"
"automation.usageCount","{count} requêtes"
"automation.webhookTarget","Cible de notification"
"bulk.accessDeniedBody","L'accès en masse nécessite le forfait Pro/Pro+ et l'autorisation administrateur."
"bulk.accessDeniedTitle","Accès au Studio en masse désactivé"
"bulk.activeRecords","enregistrements actifs"
"bulk.addressesReady","{count} adresses prêtes"
"bulk.adminOverride","remplacement administrateur"
"bulk.continue","Continuer"
"bulk.continueAction","Continuer"
"bulk.continueFromIndex","Le pool existant continue à partir de l'index {index}"
"bulk.copy","Copier"
"bulk.copyAll","Tout copier"
"bulk.createAddresses","Créer des adresses"
"bulk.createFailed","Échec de la création"
"bulk.domainLabel","Domaine"
"bulk.downloadTxt","Télécharger TXT"
"bulk.eyebrow","STUDIO EN MASSE"
"bulk.firstAddress","Première adresse"
"bulk.howMany","Combien d'adresses ?"
"bulk.lastAddress","Dernière adresse"
"bulk.livePreview","Aperçu en direct"
"bulk.loadPoolsFailed","Impossible de charger les pools"
"bulk.newPoolWillCreate","Le nouveau pool générera {count} adresses"
"bulk.newSeries","Nouvelle série d'adresses"
"bulk.noPools","Vous n'avez pas encore créé de pool."
"bulk.openMails","Ouvrir les courriers"
"bulk.plan","Forfait"
"bulk.poolMeta","{count} adresses · suivant n°{index}"
"bulk.prefixInvalid","Format de préfixe invalide"
"bulk.prefixLabel","Préfixe"
"bulk.prefixPlaceholder","exemple"
"bulk.preparing","Préparation du Studio en masse…"
"bulk.selectDomain","Sélectionner un domaine"
"bulk.startWith","Commencer par un préfixe"
"bulk.subtitle","Créez et gérez des pools d'adresses basés sur des préfixes."
"bulk.successTarget","{prefix}_* @{domain}"
"bulk.title","Studio en masse"
"bulk.yourPools","Vos pools"
"bulkInbox.colRecipient","Destinataire"
"bulkInbox.colSenderSubject","Expéditeur / Objet"
"bulkInbox.colTime","Heure"
"bulkInbox.copyOtp","Copier l'OTP"
"bulkInbox.loadFailed","Impossible de charger le courrier"
"bulkInbox.loadOlder","Charger le courrier plus ancien"
"bulkInbox.loading","Chargement…"
"bulkInbox.mailboxCount","{count} boîtes de réception"
"bulkInbox.modalSubtitle","Boîte de réception en masse · Tous les courriers et codes OTP dans les boîtes du pool"
"bulkInbox.noMails","Aucun courrier reçu dans ce pool pour le moment"
"bulkInbox.noOtpMails","Aucun courrier contenant un OTP"
"bulkInbox.noSubject","(Aucun objet)"
"bulkInbox.otpCopyFailed","Impossible de copier l'OTP"
"bulkInbox.otpOnly","OTP uniquement"
"bulkInbox.preparing","Préparation de la boîte de réception en masse…"
"bulkInbox.refresh","Actualiser"
"bulkInbox.searchPlaceholder","Rechercher un destinataire, un expéditeur ou un objet"
"bulkInbox.statText","{mails} courriers · {otps} OTP"
"bulkInbox.toolbarHint","Cliquez sur les codes OTP pour les copier"
"bulkInbox.unknownSender","(inconnu)"
"cmdk.actions","Actions"
"cmdk.copyAddress","Copier l'adresse"
"cmdk.domains","Domaines"
"cmdk.empty","Aucun résultat"
"cmdk.navigate","Aller à"
"cmdk.newAddress","Nouvelle adresse aléatoire"
"cmdk.search","Rechercher ou exécuter une commande…"
"cmdk.themeDark","Thème sombre"
"cmdk.themeLight","Thème clair"
"docs.catApi","API ET BOT"
"docs.catBulk","STUDIO EN MASSE"
"docs.catMail","OPÉRATIONS DE COURRIER"
"docs.catServer","SERVEUR ET DNS"
"docs.catStart","DÉBUTER"
"docs.cmdkHint","⌘K pour la recherche globale"
"docs.codeCopied","Copié"
"docs.codeCopy","Copier"
"docs.codeExample","EXEMPLE DE COMMANDE"
"docs.descApi","Flux de bot sécurisé à faible trafic avec CUSTOM_TEMPMAIL_TOKEN."
"docs.descBulk","Générez des pools de boîtes de réception séquentielles avec un préfixe et une propriété claire."
"docs.descMail","Flux fiable de la livraison du courrier au code de vérification."
"docs.descServer","Liste de contrôle des opérations pour maintenir le serveur de courrier en bonne santé."
"docs.descStart","Ouvrez une boîte de réception, obtenez le code de vérification et terminez le travail."
"docs.heroEyebrow","MANUEL DES OPÉRATIONS"
"docs.heroSignal","Contrat en direct"
"docs.heroSignalSub","Clé API · OTP · temps réel"
"docs.heroSubtitle","Guide intégré pour les opérations de boîte de réception, d'API et de serveur."
"docs.heroTitle","Faites-le, consultez-le."
"docs.libraryAria","Sujets de documentation"
"docs.noResult","Aucun sujet correspondant trouvé."
"docs.noteApi","Une clé standard n'accède qu'aux boîtes de réception de son propriétaire. La clé maîtresse administrateur accède à tous les points de terminaison d'opération."
"docs.noteBulk","Les utilisateurs Pro/Pro+ ont besoin de l'autorisation en masse administrateur. Les administrateurs peuvent générer pour le compte des utilisateurs avec remplacement de quota."
"docs.noteLabel","Note d'exploitation"
"docs.noteMail","La liste du courrier est renvoyée sous forme de tableau plat dans l'enveloppe de réponse ; il n'y a pas de second objet emails."
"docs.noteServer","Pour Coolify, le port 25 est exposé directement ; HTTP/HTTPS est servi via proxy."
"docs.noteStart","Si la même adresse est demandée à nouveau, le système renvoie les informations de la boîte de réception existante au lieu d'une erreur."
"docs.searchPlaceholder","Rechercher clé API, OTP, DNS, masse ou point de terminaison"
"docs.sideAutomationBody","Utilisez `wait=25` et `after_id` pour réduire le trafic des bots."
"docs.sideAutomationStrong","Long-poll recommandé"
"docs.sideAutomationTitle","AUTOMATISATION"
"docs.sideDeployBody","Le port 25, Docker Compose et les étapes DNS sont dans le guide serveur."
"docs.sideDeployStrong","Prêt pour Coolify"
"docs.sideDeployTitle","DÉPLOIEMENT"
"docs.sideDomainBody","Les administrateurs peuvent ajouter des sous-domaines aux domaines actifs."
"docs.sideDomainStrong","Sous-domaine pris en charge"
"docs.sideDomainTitle","DOMAINE"
"docs.stepApi1Body","Générez une clé commençant par tm_ en sélectionnant les portées requises depuis l'écran d'automatisation."
"docs.stepApi1Title","Créer une clé"
"docs.stepApi2Body","La clé complète n'est affichée qu'à la création ; enregistrez-la dans la variable d'environnement de votre bot."
"docs.stepApi2Title","Stocker le secret"
"docs.stepApi3Body","Attendez avec wait=25 jusqu'à l'arrivée du courrier au lieu d'un polling complet toutes les 2,5 s."
"docs.stepApi3Title","Utiliser le long-poll"
"docs.stepApi4Body","Lisez uniquement les nouveaux courriers avec after_id."
"docs.stepApi4Title","Conserver le curseur"
"docs.stepBulk1Body","Par ex. choisir gork continue les adresses comme gork_0, gork_1."
"docs.stepBulk1Title","Entrer un préfixe"
"docs.stepBulk2Body","Génération atomique entre 1 et 100 ; les collisions sont ignorées."
"docs.stepBulk2Title","Choisir le domaine et le nombre"
"docs.stepBulk3Body","Parcourez le courrier et les OTP de tous les destinataires dans un flux unique dans la fenêtre de boîte de réception en masse."
"docs.stepBulk3Title","Ouvrir le pool"
"docs.stepBulk4Body","Le même pool continue la génération à partir du prochain index vide."
"docs.stepBulk4Title","Continuer"
"docs.stepMail1Body","Le domaine actif et le destinataire enregistré sont vérifiés ; le courrier et les pièces jointes sont stockés définitivement."
"docs.stepMail1Title","SMTP reçoit"
"docs.stepMail2Body","BXS-AJ2, ABC-123, IRU-VO0 et les codes numériques classiques sont pris en charge."
"docs.stepMail2Title","L'OTP est scanné"
"docs.stepMail3Body","© 2026, date/heure, commande, numéros de suivi et de référence sont des signaux de rejet."
"docs.stepMail3Title","Les faux candidats sont filtrés"
"docs.stepMail4Body","Les nouveaux événements de courrier/OTP sont envoyés aux canaux Socket.io, SSE et webhook."
"docs.stepMail4Title","L'événement est publié"
"docs.stepServer1Body","mail.domaine.tld doit pointer vers l'IP du serveur, et l'enregistrement MX vers ce nom d'hôte."
"docs.stepServer1Title","Enregistrements A et MX"
"docs.stepServer2Body","Le port TCP 25 entrant doit être ouvert pour SMTP ; le proxy Cloudflare doit rester désactivé."
"docs.stepServer2Title","Accès au port 25"
"docs.stepServer3Body","SPF, DKIM, DMARC et PTR améliorent la délivrabilité."
"docs.stepServer3Title","Enregistrements de sécurité"
"docs.stepServer4Body","Vérifiez avec une copie de la base de données avant le déploiement ; les migrations s'exécutent en mode additif."
"docs.stepServer4Title","Protéger les données"
"docs.stepStart1Body","Choisissez l'un des domaines actifs ou utilisez un sous-domaine ajouté par l'administrateur."
"docs.stepStart1Title","Choisir un domaine"
"docs.stepStart2Body","Créez une adresse unique ou un pool basé sur un préfixe avec le Studio en masse."
"docs.stepStart2Title","Créer une adresse"
"docs.stepStart3Body","Voyez le nouveau courrier via la boîte de réception, SSE ou le long-poll."
"docs.stepStart3Title","Recevoir le courrier"
"docs.stepStart4Body","Le code est détecté depuis l'objet, le texte et le contexte HTML ; copiez-le directement."
"docs.stepStart4Title","Utiliser l'OTP"
"docs.titleApi","Automatisation avec clé API"
"docs.titleBulk","Pools de préfixes"
"docs.titleMail","OTP, boîte de réception et temps réel"
"docs.titleServer","SMTP, DNS et déploiement"
"docs.titleStart","Démarrage rapide"
"docs.topics","SUJETS"
"domains.noneTitle","Aucun domaine actif"
"domains.subdomainSupported","Sous-domaine pris en charge"
"emailView.attachments","Pièces jointes ({count})"
"emailView.copied","Copié"
"emailView.copy","Copier"
"emailView.date","Date"
"emailView.noContent","Aucun contenu"
"emailView.otpCode","Code de vérification"
"emailView.reply","Répondre"
"emailView.selectMail","Sélectionner un e-mail"
"emailView.selectMailHint","Choisissez un e-mail dans la liste de gauche pour voir son contenu."
"emailView.sender","De"
"emailView.subject","Objet"
"emailView.subtitle","Contenu du message et pièces jointes"
"emailView.textMode","Texte"
"emailView.title","Détail de l'e-mail"
"errors.actionFailed","Échec de l'action"
"errors.addressCreateFailed","L'adresse n'a pas pu être créée"
"errors.sessionExpired","Votre session a expiré, veuillez vous reconnecter"
"errors.wrongPassword","Mot de passe incorrect"
"inbox.confirmDelete","Supprimer ce courrier ?"
"inbox.copyOtp","Copier l'OTP"
"inbox.createAddressFirst","Créez d'abord une adresse"
"inbox.delete","Supprimer"
"inbox.filters","Filtres"
"inbox.footerHint","Les nouveaux e-mails s'affichent instantanément dans cette liste."
"inbox.footerTitle","Vos e-mails apparaîtront ici"
"inbox.live","En direct"
"inbox.mailsWillAppear","Le courrier entrant apparaîtra ici."
"inbox.noMails","Aucun courrier pour le moment"
"inbox.noMailsHint","Les nouveaux messages apparaissent ici en temps réel."
"inbox.noResults","Aucun résultat trouvé"
"inbox.noSubject","(Aucun objet)"
"inbox.otpBadge","OTP"
"inbox.refresh","Actualiser"
"inbox.searchPlaceholder","Rechercher..."
"inbox.subtitle","Flux de messages en direct"
"inbox.title","Boîte de réception"
"inbox.waiting","En attente"
"inbox.yesterday","Hier"
"nav.admin","Administrateur"
"nav.learn","Ressources"
"nav.mailbox","Boîte de réception"
"nav.scale","Échelle"
"accountModal.tabs.addresses","Adresses"
"accountModal.tabsSubtitle.addresses","Étiquettes et favoris"
"accountModal.addressListTitle","Étiquettes & Favoris"
"accountModal.addressListHint","Étiquetez vos adresses et marquez les favoris."
"accountModal.noAddresses","Aucune adresse pour le moment."
