key,pt
"account.accountArea","Área da conta"
"account.active","Ativo"
"account.address","Endereço"
"account.confirmDeleteAddress","Excluir ""{address}""?"
"account.confirmRevokeSession","Encerrar esta sessão?"
"account.domain","Domínio"
"account.flashAddressDeleted","Endereço excluído"
"account.flashAddressRenewed","Endereço renovado"
"account.flashAddressUpdated","Endereço atualizado"
"account.flashAvatarUpdated","Foto de perfil atualizada"
"account.flashCodeReady","Código de verificação pronto"
"account.flashCodeRequired","Código de verificação obrigatório"
"account.flashEmailRequired","E-mail obrigatório"
"account.flashEmailUnchanged","E-mail inalterado"
"account.flashEmailUpdated","E-mail atualizado"
"account.flashFavAdded","Domínio favorito adicionado"
"account.flashFavRemoved","Domínio favorito removido"
"account.flashPasswordChanged","Senha alterada"
"account.flashPasswordFields","Preencha todos os campos de senha"
"account.flashPasswordMismatch","As novas senhas não coincidem"
"account.flashPrefsUpdated","Preferências atualizadas"
"account.flashProfileUpdated","Perfil atualizado"
"account.flashSessionRevoked","Sessão encerrada"
"account.flashUsernameLocked","O nome de usuário só pode ser alterado uma vez"
"account.flashUsernameRequired","Nome de usuário é obrigatório"
"account.guestDescription","Você pode usar o aplicativo sem entrar. Crie uma conta para acessar perfil, segurança e preferências."
"account.guestTitle","Usuário convidado"
"account.logout","Sair"
"account.mail","Correio"
"account.noHistory","Sem histórico de endereços ainda."
"account.noPassworded","Sem e-mails protegidos por senha."
"account.open","Abrir"
"account.passwordedList","Todos os e-mails com senha"
"account.passwordedListHint","Endereços abertos com uma senha"
"account.plan","Plano"
"account.ready","Pronto"
"account.recentUsed","Recentes"
"account.recentUsedHint","Seus endereços abertos mais recentes"
"account.settings","Configurações"
"account.subtitle","Status rápido, uso e atividade recente"
"account.title","Resumo da conta"
"account.usage","Uso"
"accountModal.accountNote","Nota da conta"
"accountModal.active","Ativo"
"accountModal.addressLimit","Limite de endereços"
"accountModal.adminUnlimited","Permissões de administrador parecem ilimitadas."
"accountModal.allPasswordedEmails","Todos os e-mails com senha"
"accountModal.allPasswordedEmpty","Nenhum e-mail protegido por senha encontrado."
"accountModal.appearance","Aparência"
"accountModal.billingUnit","Unidade de cobrança"
"accountModal.changePassword","Alterar senha"
"accountModal.changePasswordNote","Alterações de senha são feitas nesta janela."
"accountModal.close","Fechar"
"accountModal.cooldownActive","Recarga ativa"
"accountModal.currentPassword","Senha atual"
"accountModal.currentSession","Esta sessão"
"accountModal.defaultDomain","Domínio padrão"
"accountModal.displayName","Nome de exibição"
"accountModal.editable","Editável"
"accountModal.email","E-mail"
"accountModal.emailChange","Alteração de e-mail"
"accountModal.emailVerifyNote","A alteração de e-mail exige um código de verificação."
"accountModal.expiring","Endereços expirando"
"accountModal.expiringDesc","Receba um lembrete para endereços prestes a fechar."
"accountModal.favoriteAddress","Endereço favorito"
"accountModal.favoriteDomains","Domínios favoritos"
"accountModal.generalSubtitle","Altere rapidamente as configurações mais usadas neste pop-up."
"accountModal.generalTitle","Aparência e padrões"
"accountModal.language","Idioma"
"accountModal.lastActive","Última atividade"
"accountModal.limitsTitle","Uso e plano"
"accountModal.locked","Bloqueado"
"accountModal.loginFail","Falhou"
"accountModal.loginHistory","Histórico de login"
"accountModal.loginSuccess","Sucesso"
"accountModal.mailCount","Contagem de e-mails"
"accountModal.mailRetention","Período de retenção de e-mails"
"accountModal.newMail","Alertas de novo e-mail"
"accountModal.newMailDesc","Notifique-me quando uma nova mensagem chegar."
"accountModal.newPassword","Nova senha"
"accountModal.newPasswordRepeat","Repita a nova senha"
"accountModal.noDomains","Sem domínios."
"accountModal.noLoginHistory","Nenhum histórico de login encontrado."
"accountModal.noSessions","Nenhuma sessão ativa encontrada."
"accountModal.notificationPrefs","Preferências de notificação"
"accountModal.notificationSound","Som de notificação"
"accountModal.notifications","Preferências de notificação"
"accountModal.otp","Alertas OTP"
"accountModal.otpNotification","Alertas OTP"
"accountModal.otpNotificationDesc","Mostrar alertas especiais para códigos de uso único."
"accountModal.packageLimits","Os limites são exibidos por pacote."
"accountModal.pendingEmail","E-mail pendente"
"accountModal.planTitle","Plano"
"accountModal.preview","Pré-visualização"
"accountModal.profilePhoto","Enviar foto"
"accountModal.profileSave","Salvar perfil"
"accountModal.profileTitle","Detalhes da conta"
"accountModal.quickSave","Salvar"
"accountModal.quickStatus","Status rápido"
"accountModal.quotaUsed","cota de endereços usada"
"accountModal.ready","Pronto"
"accountModal.refresh","Atualizar"
"accountModal.reset","Redefinir"
"accountModal.retention","Retenção de e-mails"
"accountModal.retentionAndSound","Retenção e som"
"accountModal.securityAlerts","Alertas de segurança"
"accountModal.securityAlertsDesc","Notifique-me sobre acessos suspeitos."
"accountModal.securityStatus","Status de segurança"
"accountModal.selectOption","Selecionar"
"accountModal.sessionsCloseNote","aba para encerrar acessos."
"accountModal.sessionsHint","Você pode fechar dispositivos abertos aqui."
"accountModal.sessionsTitle","Sessões ativas"
"accountModal.statAddress","Endereço"
"accountModal.statFavoriteDomain","Domínio favorito"
"accountModal.statMail","Correio"
"accountModal.subtitle","Central de edição"
"accountModal.suspicious","Suspeito"
"accountModal.tabs.general","Geral"
"accountModal.tabs.preferences","Preferências"
"accountModal.tabs.profile","Perfil"
"accountModal.tabs.security","Segurança"
"accountModal.tabs.sessions","Sessões"
"accountModal.tabs.usage","Uso"
"accountModal.tabsSubtitle.general","Aparência e configurações principais"
"accountModal.tabsSubtitle.preferences","Notificações e domínios"
"accountModal.tabsSubtitle.profile","Nome, e-mail e foto"
"accountModal.tabsSubtitle.security","Senha e proteção da conta"
"accountModal.tabsSubtitle.sessions","Dispositivos e logins"
"accountModal.tabsSubtitle.usage","Plano e informações de cota"
"accountModal.themeDark","Escuro"
"accountModal.themeLight","Claro"
"accountModal.themeSystem","Sistema"
"accountModal.tipBody","Você pode trocar de aba sem salvar. As seções de perfil e segurança funcionam diretamente nesta janela."
"accountModal.tipTitle","Dica"
"accountModal.title","Configurações da conta"
"accountModal.updatePassword","Atualizar senha"
"accountModal.upgradeLimit","Aumentar limite"
"accountModal.upgradeable","Atualizável"
"accountModal.used","Usado"
"accountModal.usedDomain","Domínios usados"
"accountModal.username","Nome de usuário"
"accountModal.usernameOnce","Pode ser usado uma vez"
"accountModal.usernameRight","Direito de nome de usuário"
"addressBar.activeBadge","Ativo"
"addressBar.activeProtected","O endereço está ativo e protegido por senha"
"addressBar.activeReady","O endereço está ativo e pronto para uso"
"addressBar.chooseDomain","Escolher domínio"
"addressBar.confirmRandomSubtitle","Isso criará um novo endereço e o atual não será mantido."
"addressBar.confirmRandomTitle","Gerar um endereço aleatório?"
"addressBar.confirmRefreshSubtitle","Um novo endereço será criado e seu endereço atual será substituído."
"addressBar.confirmRefreshTitle","Atualizar este endereço?"
"addressBar.copied","Copiado"
"addressBar.copy","Copiar"
"addressBar.domainsLoadError","Não foi possível carregar a lista de domínios. Atualize a página ou tente novamente mais tarde."
"addressBar.hoursAgo","{n}h"
"addressBar.justNow","agora mesmo"
"addressBar.loadingAction","Preparando..."
"addressBar.mainDomain","Domínio principal"
"addressBar.minutesAgo","{n}m"
"addressBar.noDomain","Sem domínios ainda"
"addressBar.noDomainsHint","Nenhum domínio foi adicionado ainda. Adicione um no painel administrativo."
"addressBar.noHistory","Sem histórico de endereços ainda."
"addressBar.noPassworded","Sem endereços protegidos por senha."
"addressBar.noSubdomains","Nenhum subdomínio adicionado ainda"
"addressBar.openAddress","Abrir endereço"
"addressBar.passwordedBadge","Com senha"
"addressBar.passwordedList","Todos os e-mails com senha"
"addressBar.protect","Proteger"
"addressBar.random","Aleatório"
"addressBar.recentHint","Seus endereços abertos mais recentes"
"addressBar.recentUsed","Recentes"
"addressBar.refresh","Atualizar"
"addressBar.safeSubtitle","Os e-mails são recebidos de forma anônima e criptografada."
"addressBar.safeTitle","Pronto e seguro"
"addressBar.selected","Selecionado"
"addressBar.subtitle","Seu endereço fica ativo instantaneamente e as mensagens chegam na caixa de entrada abaixo."
"addressBar.title","Seu endereço de e-mail temporário"
"admin.actions.addDomain","Adicionar domínio"
"admin.actions.cleanup","Limpeza"
"admin.actions.export","Exportar"
"admin.activity.addressCreated","Endereço criado"
"admin.activity.domainActive","Domínio ativo"
"admin.activity.domainInactive","Domínio inativo"
"admin.activity.requestApproved","Solicitação aprovada"
"admin.activity.requestPending","Solicitação pendente"
"admin.activity.requestRejected","Solicitação rejeitada"
"admin.common.active","Ativo"
"admin.common.attachment","Anexo"
"admin.common.closed","Fechado"
"admin.common.copy","Copiar"
"admin.common.copyOtp","Copiar OTP"
"admin.common.htmlContent","(Conteúdo HTML)"
"admin.common.no","Não"
"admin.common.noSubject","(Sem assunto)"
"admin.common.open","Abrir"
"admin.common.waiting","Aguardando"
"admin.common.yes","Sim"
"admin.confirm.cleanupAddress","Limpar histórico de e-mails de {address}?"
"admin.confirm.cleanupAll","Limpar todos os dados expirados?"
"admin.confirm.deleteAddress","Excluir permanentemente {address}?"
"admin.confirm.deleteDomain","Excluir {name}?"
"admin.confirm.deleteMail","Excluir este e-mail?"
"admin.confirm.deleteSubdomain","Excluir subdomínio {name}?"
"admin.detail.addressId","ID do endereço"
"admin.detail.attachmentMails","E-mails com anexos"
"admin.detail.autoCleanup","Limpeza automática"
"admin.detail.back","Voltar"
"admin.detail.clearHistory","Limpar histórico"
"admin.detail.clearMailHistory","Limpar histórico de e-mails"
"admin.detail.copyAddress","Copiar endereço"
"admin.detail.created","Criado"
"admin.detail.currentStatus","Status atual"
"admin.detail.deleteAddress","Excluir endereço"
"admin.detail.detectedVerification","Verificação detectada"
"admin.detail.emptyMailboxSubtitle","Nenhum e-mail recebido neste endereço ainda."
"admin.detail.emptyMailboxTitle","Caixa de correio vazia"
"admin.detail.generalInfo","Informações gerais"
"admin.detail.incomingContent","Conteúdo recebido"
"admin.detail.incomingMails","E-mails recebidos"
"admin.detail.ipSession","IP / sessão"
"admin.detail.lastAccess","Último acesso"
"admin.detail.lastActivity","Última atividade"
"admin.detail.linkedDomain","Domínio vinculado"
"admin.detail.noOtpSubtitle","Nenhum OTP detectado nos e-mails deste endereço ainda."
"admin.detail.noOtpTitle","Sem registros de OTP"
"admin.detail.notTracked","Não rastreado"
"admin.detail.openAccess","Acesso aberto"
"admin.detail.otpCodes","Códigos OTP"
"admin.detail.otpCount","Contagem de OTP"
"admin.detail.otpHistory","Histórico de OTP"
"admin.detail.passwordProtected","Protegido por senha"
"admin.detail.passwordProtection","Proteção por senha"
"admin.detail.retention","Retenção"
"admin.detail.retentionPeriod","Período de retenção"
"admin.detail.securityActions","Segurança e ações"
"admin.detail.selectMailSubtitle","Clique no ícone de olho na tabela para ver os detalhes."
"admin.detail.selectMailTitle","Selecione um e-mail"
"admin.detail.statistics","Estatísticas"
"admin.detail.status","Status"
"admin.detail.subtitle","Auditoria e histórico da caixa de correio"
"admin.detail.totalOtpRecords","Total de registros OTP"
"admin.detail.username","Nome de usuário"
"admin.dns.noteA","O registro A aponta o hostname para o IP do servidor"
"admin.dns.noteDkim","Chave de assinatura DKIM"
"admin.dns.noteDmarc","Política DMARC"
"admin.dns.noteMx","O registro MX roteia o tráfego de e-mail para este hostname"
"admin.dns.noteSpf","O SPF autoriza o servidor de envio"
"admin.dns.noteVerification","Verificação de propriedade do domínio"
"admin.errors.authRequired","Acesso de administrador obrigatório"
"admin.errors.endpointMissing","Endpoint não encontrado"
"admin.errors.ipRequired","Insira um IP válido"
"admin.errors.mailDetailFailed","Não foi possível carregar os detalhes do e-mail"
"admin.errors.requestFailed","Falha na solicitação"
"admin.flash.addressCleaned","Histórico do endereço limpo"
"admin.flash.addressDeleted","Endereço excluído"
"admin.flash.allDnsCopied","Todos os valores DNS copiados"
"admin.flash.bulkDisabled","Acesso em massa desativado"
"admin.flash.bulkEnabled","Acesso em massa ativado"
"admin.flash.cleanupDone","Limpeza concluída"
"admin.flash.copied","Copiado"
"admin.flash.copyFailed","Falha ao copiar"
"admin.flash.dnsRefreshed","Verificação DNS atualizada"
"admin.flash.domainActivated","Domínio ativado"
"admin.flash.domainAdded","""{domain}"" adicionado"
"admin.flash.domainAddedWildcard"," (curinga ativo)"
"admin.flash.domainDeactivated","Domínio desativado"
"admin.flash.domainDeleted","""{name}"" excluído"
"admin.flash.domainUpdated","Domínio atualizado"
"admin.flash.exported","Exportação baixada"
"admin.flash.loginSuccess","Login de administrador bem-sucedido"
"admin.flash.mailDeleted","E-mail excluído"
"admin.flash.packageUpdated","Pacote atualizado"
"admin.flash.recordCopied","{title} copiado"
"admin.flash.requestApproved","Solicitação aprovada"
"admin.flash.requestRejected","Solicitação rejeitada"
"admin.flash.roleUpdated","Função atualizada"
"admin.flash.subdomainAdded","Subdomínio ""{domain}"" adicionado"
"admin.flash.subdomainDeleted","Subdomínio ""{name}"" excluído"
"admin.flash.userActivated","Usuário ativado"
"admin.flash.userDeactivated","Usuário desativado"
"admin.hero.eyebrow","Centro de controle"
"admin.hero.subtitle","Gerenciamento do sistema MS Temp Mail, estatísticas ao vivo e fluxos de operação."
"admin.hero.title","Painel administrativo"
"admin.login.defaultPassword","Padrão:"
"admin.login.loading","Verificando..."
"admin.login.passwordLabel","Senha de administrador"
"admin.login.submit","Entrar"
"admin.login.subtitle","Continue com credenciais de administrador"
"admin.login.title","Painel administrativo"
"admin.mix.attachment","Anexado"
"admin.mix.normal","Normal"
"admin.stats.activeDomains","Domínios ativos"
"admin.stats.allTime","Todo o período"
"admin.stats.last24h","Últimas 24 horas"
"admin.stats.newMessages","Novos e-mails recebidos"
"admin.stats.protectedCount","Com senha: {count}"
"admin.stats.totalAddresses","Total de endereços"
"admin.stats.totalDomains","Total: {count}"
"admin.stats.totalMail","Total de e-mails"
"admin.system.activeDomains","Domínios ativos"
"admin.system.adminSession","Sessão de administrador"
"admin.system.cleanupPolicy","Política de limpeza"
"admin.system.cleanupPolicyValue","Automático + manual"
"admin.system.protectedMailbox","Caixas protegidas"
"admin.system.smtpFlow","Fluxo SMTP"
"admin.table.action","Ação"
"admin.table.date","Data"
"admin.table.sender","Remetente"
"admin.table.subject","Assunto"
"admin.table.tag","Etiqueta"
"admin.tabs.addresses","Endereços"
"admin.tabs.bulk","Pools em massa"
"admin.tabs.dashboard","Painel"
"admin.tabs.domains","Domínios"
"admin.tabs.emails","E-mails"
"admin.tabs.requests","Solicitações"
"admin.tabs.settings","Configurações"
"admin.tabs.users","Usuários"
"admin.ui.addr.active","Endereços ativos"
"admin.ui.addr.activeHint","Acesso recente ou e-mail presente"
"admin.ui.addr.all","Todos os endereços"
"admin.ui.addr.clearFilter","Limpar filtro"
"admin.ui.addr.colActions","Ações"
"admin.ui.addr.colActivity","Última atividade"
"admin.ui.addr.colCreated","Criado"
"admin.ui.addr.colDomain","Domínio"
"admin.ui.addr.colEmail","Endereço de e-mail"
"admin.ui.addr.colMailCount","Contagem de e-mails"
"admin.ui.addr.colRetention","Retenção"
"admin.ui.addr.colStatus","Status"
"admin.ui.addr.emptySubtitle","Limpe a pesquisa e os filtros e tente novamente."
"admin.ui.addr.emptyTitle","Nenhum endereço encontrado"
"admin.ui.addr.expired","Expirado"
"admin.ui.addr.expiredHint","Aguardando limpeza"
"admin.ui.addr.fActive","Ativo"
"admin.ui.addr.fDomain","Domínio"
"admin.ui.addr.fExpired","Expirado"
"admin.ui.addr.fIdle","Inativo"
"admin.ui.addr.fProtected","Com senha"
"admin.ui.addr.fStatus","Status"
"admin.ui.addr.next","Próximo"
"admin.ui.addr.page","Página {page} / {total}"
"admin.ui.addr.prev","Anterior"
"admin.ui.addr.protected","Protegido por senha"
"admin.ui.addr.protectedHint","Segurança extra ativada"
"admin.ui.addr.searchPlaceholder","Pesquisar endereço de e-mail..."
"admin.ui.addr.showingRange","Mostrando {from}-{to} de {total} endereços"
"admin.ui.addr.sortDomain","Domínio"
"admin.ui.addr.sortLastMail","Última atividade"
"admin.ui.addr.sortNewest","Ordenar: Mais recente"
"admin.ui.addr.sortOldest","Ordenar: Mais antigo"
"admin.ui.addr.sortUsage","Contagem de uso"
"admin.ui.addr.total","Total de endereços"
"admin.ui.addr.totalHint","Todos os registros de caixa de correio"
"admin.ui.bulk.accessOff","Desativado"
"admin.ui.bulk.accessOn","Ativado"
"admin.ui.bulk.activePool","Pools ativos"
"admin.ui.bulk.activePoolHint","Pools de prefixo vinculados a usuários"
"admin.ui.bulk.authorizedUsers","Usuários autorizados"
"admin.ui.bulk.authorizedUsersHint","Apenas Pro e Pro+"
"admin.ui.bulk.colAccess","Acesso"
"admin.ui.bulk.colAddr","Endereços"
"admin.ui.bulk.colLastGen","Última geração"
"admin.ui.bulk.colOwner","Proprietário"
"admin.ui.bulk.colPackage","Pacote"
"admin.ui.bulk.colPool","Pool"
"admin.ui.bulk.emptySubtitle","Usuários Pro/Pro+ que você autorizar podem criar pools aqui."
"admin.ui.bulk.emptyTitle","Nenhum pool em massa encontrado"
"admin.ui.bulk.generatedAddr","Endereços gerados"
"admin.ui.bulk.generatedAddrHint","Incluídos na cota normal do pacote"
"admin.ui.bulk.pools","Pools em massa ({count})"
"admin.ui.bulk.searchPlaceholder","Pesquisar usuário, prefixo ou domínio"
"admin.ui.dash.activityEmptySubtitle","Novas ações aparecerão aqui."
"admin.ui.dash.activityEmptyTitle","Nenhuma atividade ainda"
"admin.ui.dash.colAction","Ação"
"admin.ui.dash.colAddress","Endereços"
"admin.ui.dash.colCreated","Criado"
"admin.ui.dash.colRecipient","Destinatário"
"admin.ui.dash.colStatus","Status"
"admin.ui.dash.domainEmptySubtitle","Adicione um novo domínio usando a ação rápida acima."
"admin.ui.dash.domainEmptyTitle","Nenhum domínio adicionado ainda"
"admin.ui.dash.domainMgmt","Gerenciamento de domínios"
"admin.ui.dash.expiredAddr","Endereços expirados"
"admin.ui.dash.inactiveUsers","Usuários inativos"
"admin.ui.dash.mailMix","Distribuição de e-mails"
"admin.ui.dash.mailsEmptySubtitle","Novas mensagens serão listadas aqui quando chegarem."
"admin.ui.dash.mailsEmptyTitle","Nenhum e-mail ainda"
"admin.ui.dash.manageRequests","Gerenciar solicitações"
"admin.ui.dash.mixEmptySubtitle","O gráfico de pizza será preenchido conforme os e-mails chegam."
"admin.ui.dash.mixEmptyTitle","Sem dados de distribuição"
"admin.ui.dash.opsSummary","Resumo de operações"
"admin.ui.dash.pendingPro","Solicitação Pro pendente"
"admin.ui.dash.protectedAddr","Endereços com senha"
"admin.ui.dash.recentActivity","Atividade recente"
"admin.ui.dash.recentMails","E-mails recentes"
"admin.ui.dash.security","Segurança e limpeza"
"admin.ui.dash.systemStatus","Status do sistema"
"admin.ui.dash.tagIncoming","Recebidos"
"admin.ui.dash.traffic","Tráfego de e-mails"
"admin.ui.dash.trafficEmptySubtitle","O tráfego aparecerá aqui conforme os e-mails chegam."
"admin.ui.dash.trafficEmptyTitle","Sem dados para o gráfico"
"admin.ui.dash.viewAll","Ver tudo"
"admin.ui.dash.viewAllMails","Ver todos os e-mails"
"admin.ui.dnsModal.aRecordCopied","Registro A copiado"
"admin.ui.dnsModal.addLabel","Adicionar"
"admin.ui.dnsModal.close","Fechar"
"admin.ui.dnsModal.colAction","Ação"
"admin.ui.dnsModal.colHost","Host"
"admin.ui.dnsModal.colType","Tipo"
"admin.ui.dnsModal.colValue","Valor"
"admin.ui.dnsModal.copy","Copiar"
"admin.ui.dnsModal.copyAll","Copiar tudo"
"admin.ui.dnsModal.copyAllValues","Copiar todos os valores"
"admin.ui.dnsModal.copyDomainName","Copiar nome do domínio"
"admin.ui.dnsModal.dnsRecords","Registros DNS"
"admin.ui.dnsModal.domainDesc","Os registros DNS necessários para o domínio selecionado são exibidos abaixo."
"admin.ui.dnsModal.domainName","Nome do domínio"
"admin.ui.dnsModal.domainNameCopied","Nome do domínio copiado"
"admin.ui.dnsModal.howToBody","Acesse o painel DNS do seu domínio e adicione completamente os registros acima."
"admin.ui.dnsModal.howToTitle","Como usar?"
"admin.ui.dnsModal.mxRecordCopied","Registro MX copiado"
"admin.ui.dnsModal.propagationBody","As alterações de DNS geralmente se propagam em 5 a 60 minutos."
"admin.ui.dnsModal.propagationTitle","Tempo de propagação"
"admin.ui.dnsModal.recordStatus","Status do registro"
"admin.ui.dnsModal.refreshVerify","Atualizar verificação"
"admin.ui.dnsModal.serverIp","IP do servidor"
"admin.ui.dnsModal.serverIpCopied","IP do servidor copiado"
"admin.ui.dnsModal.serverIpDesc","Todo o tráfego de e-mail será roteado por este endereço IP."
"admin.ui.dnsModal.subtitle","Adicione os registros DNS abaixo para o seu domínio."
"admin.ui.dnsModal.title","Configuração de registros DNS"
"admin.ui.dnsModal.txtRecordCopied","Registro TXT copiado"
"admin.ui.dnsModal.verifyBody","Você pode atualizar a verificação após adicionar os registros."
"admin.ui.dnsModal.verifyTitle","Verificação"
"admin.ui.dnsModal.wildcardCopied","Registros DNS de subdomínio curinga copiados"
"admin.ui.dnsModal.wildcardDesc","Adicione os registros DNS abaixo para suporte a subdomínios. Com esses registros, todos os subdomínios como *.domain.com funcionam automaticamente."
"admin.ui.dnsModal.wildcardNote","Nota:"
"admin.ui.dnsModal.wildcardNoteBody","todos os subdomínios funcionarão automaticamente. Os usuários podem criar um endereço de e-mail escolhendo qualquer subdomínio."
"admin.ui.dnsModal.wildcardTitle","Registros DNS de subdomínio curinga"
"admin.ui.domains.activate","Ativar"
"admin.ui.domains.active","Ativo"
"admin.ui.domains.activeAddr","{count} endereços ativos"
"admin.ui.domains.activeTotal","{active} ativos / {total} total"
"admin.ui.domains.add","Adicionar"
"admin.ui.domains.addNew","Adicionar domínio"
"admin.ui.domains.addrUnit","{count} endereços"
"admin.ui.domains.cardSubtitle","Gerencie os domínios raiz do sistema e edite subdomínios em um único painel."
"admin.ui.domains.closeForm","Fechar formulário"
"admin.ui.domains.collapse","Recolher"
"admin.ui.domains.copy","Copiar"
"admin.ui.domains.createdAt","Criado em"
"admin.ui.domains.deactivate","Desativar"
"admin.ui.domains.delete","Excluir"
"admin.ui.domains.docs","Documentação do domínio"
"admin.ui.domains.edit","Editar"
"admin.ui.domains.emptySubtitle","Comece adicionando um novo domínio."
"admin.ui.domains.emptyTitle","Sem domínios"
"admin.ui.domains.expand","Expandir"
"admin.ui.domains.inactive","Inativo"
"admin.ui.domains.loadingSubdomains","Carregando subdomínios..."
"admin.ui.domains.mxRecord","Registro MX"
"admin.ui.domains.noSubSubtitle","Use o campo acima para criar o primeiro subdomínio deste domínio raiz."
"admin.ui.domains.noSubTitle","Nenhum subdomínio adicionado ainda"
"admin.ui.domains.refresh","Atualizar"
"admin.ui.domains.save","Salvar"
"admin.ui.domains.serverIp","IP do servidor"
"admin.ui.domains.subActive","{count} ativos"
"admin.ui.domains.subExample","Exemplo: demo@{domain}"
"admin.ui.domains.subPlaceholder","Adicionar novo subdomínio (ex.: mail, gmail, temp)"
"admin.ui.domains.subSectionHint","Você pode criar e gerenciar subdomínios neste domínio raiz."
"admin.ui.domains.subdomainCopied","Subdomínio copiado"
"admin.ui.domains.subdomains","Subdomínios"
"admin.ui.domains.title","Gerenciamento de domínios"
"admin.ui.domains.totalActiveAddr","Total de endereços ativos"
"admin.ui.domains.wildcardActive","Curinga ativado"
"admin.ui.domains.wildcardEnabled","Ativado"
"admin.ui.domains.wildcardHint","Se ativado, subdomínios como *.domain.com podem ser criados"
"admin.ui.domains.wildcardOff","Curinga desativado"
"admin.ui.domains.wildcardRequired","Ative o suporte curinga primeiro para criar subdomínios."
"admin.ui.domains.wildcardSupport","Suporte a curinga"
"admin.ui.domains.wildcardTitle","Suporte a subdomínio curinga"
"admin.ui.editDomain.close","Fechar"
"admin.ui.editDomain.copy","Copiar"
"admin.ui.editDomain.domain","Domínio"
"admin.ui.editDomain.exampleBody","123.45.67.89"
"admin.ui.editDomain.exampleLabel","Exemplo:"
"admin.ui.editDomain.noteBody","Apenas dígitos e pontos são aceitos."
"admin.ui.editDomain.noteLabel","Nota:"
"admin.ui.editDomain.save","Salvar"
"admin.ui.editDomain.serverIp","IP do servidor"
"admin.ui.editDomain.subtitle","Atualize o endereço IP. O sistema regenera os valores A, MX e TXT automaticamente."
"admin.ui.editDomain.title","Editar domínio {domain}"
"admin.ui.editDomain.titleFallback","Editar domínio"
"admin.ui.editDomain.wildcardHint","Se ativado, subdomínios como *.domain.com podem ser criados"
"admin.ui.editDomain.wildcardTitle","Suporte a subdomínio curinga"
"admin.ui.emails.all","Todos os e-mails ({count})"
"admin.ui.emails.colAction","Ação"
"admin.ui.emails.colDate","Data"
"admin.ui.emails.colRecipient","Destinatário"
"admin.ui.emails.colSender","Remetente"
"admin.ui.emails.colSubject","Assunto"
"admin.ui.emails.colTag","Etiqueta"
"admin.ui.emails.copyOtp","Copiar OTP"
"admin.ui.emails.detail","Detalhes do e-mail"
"admin.ui.emails.detailEmptySubtitle","Clique no ícone de olho na lista para ver os detalhes."
"admin.ui.emails.detailEmptyTitle","Selecione um e-mail"
"admin.ui.emails.emptySubtitle","Os e-mails serão listados aqui assim que o sistema começar a receber."
"admin.ui.emails.emptyTitle","Nenhum e-mail ainda"
"admin.ui.emails.next","Próximo"
"admin.ui.emails.page","Página {page}"
"admin.ui.emails.prev","Anterior"
"admin.ui.emails.tagAttached","Anexado"
"admin.ui.emails.tagNormal","Normal"
"admin.ui.requests.alreadyPro","Já é Pro"
"admin.ui.requests.approve","Aprovar"
"admin.ui.requests.approved","Aprovado"
"admin.ui.requests.emptySubtitle","Novas solicitações Pro aparecem aqui."
"admin.ui.requests.emptyTitle","Nenhuma solicitação pendente"
"admin.ui.requests.noMessage","Nenhuma mensagem deixada."
"admin.ui.requests.pending","Pendente"
"admin.ui.requests.reject","Rejeitar"
"admin.ui.requests.rejected","Rejeitado"
"admin.ui.requests.title","Solicitações Pro ({count})"
"admin.ui.settings.activeDomainCount","Contagem de domínios ativos"
"admin.ui.settings.adminAuth","Autenticação de administrador"
"admin.ui.settings.adminAuthValue","JWT + fallback de senha"
"admin.ui.settings.cleanupPolicy","Política de limpeza"
"admin.ui.settings.cleanupPolicyValue","Manual + baseado em serviço"
"admin.ui.settings.defaultRetention","Retenção padrão de dados"
"admin.ui.settings.defaultRetentionValue","7 dias / apenas acionamento manual"
"admin.ui.settings.defaultSoundDesc","Um efeito de carrilhão brilhante e em camadas."
"admin.ui.settings.defaultSoundName","Carrilhão de vidro"
"admin.ui.settings.general","Configurações gerais"
"admin.ui.settings.logout","Encerrar sessão de administrador"
"admin.ui.settings.mailVolume","Volume de e-mails"
"admin.ui.settings.notifSound","Som de notificação"
"admin.ui.settings.opsSummary","Resumo de operações"
"admin.ui.settings.pendingRequests","Solicitações pendentes"
"admin.ui.settings.preview","Pré-visualização"
"admin.ui.settings.protectedMailbox","Caixas com senha"
"admin.ui.settings.refreshAll","Atualizar todos os dados"
"admin.ui.settings.selectedSignal","Sinal selecionado"
"admin.ui.settings.totalUsers","Total de usuários"
"admin.ui.users.activate","Ativar"
"admin.ui.users.active","Ativo"
"admin.ui.users.admin","Administrador"
"admin.ui.users.adminPackage","Pacote administrador"
"admin.ui.users.bulkClose","Desativar em massa"
"admin.ui.users.bulkOff","Desativado"
"admin.ui.users.bulkOn","Ativado"
"admin.ui.users.bulkOpen","Ativar em massa"
"admin.ui.users.colAction","Ação"
"admin.ui.users.colAddr","Endereços"
"admin.ui.users.colBulk","Em massa"
"admin.ui.users.colLastLogin","Último login"
"admin.ui.users.colMail","E-mail"
"admin.ui.users.colRole","Função"
"admin.ui.users.colStatus","Status"
"admin.ui.users.colUser","Usuário"
"admin.ui.users.deactivate","Desativar"
"admin.ui.users.emptySubtitle","Usuários registrados são listados aqui."
"admin.ui.users.emptyTitle","Nenhum usuário encontrado"
"admin.ui.users.free","Gratuito"
"admin.ui.users.inactive","Inativo"
"admin.ui.users.pools","{count} pools"
"admin.ui.users.pro","Pro"
"admin.ui.users.proPlus","Pro+"
"admin.ui.users.title","Usuários ({count})"
"adminBulk.activate","Ativar"
"adminBulk.activePools","Pools ativos"
"adminBulk.addressCount","Contagem"
"adminBulk.adminGeneration","Geração de administrador"
"adminBulk.allStatuses","Todos os status"
"adminBulk.archive","Arquivar"
"adminBulk.eyebrow","CONTROLE EM MASSA DO ADMIN"
"adminBulk.generateFailed","Falha na geração"
"adminBulk.generateSuccess","{count} endereços gerados"
"adminBulk.generateWithOverride","Gerar com substituição de administrador"
"adminBulk.generating","Gerando..."
"adminBulk.guideActive","Pool aberto, a geração pode continuar"
"adminBulk.guideActiveLabel","ativo"
"adminBulk.guideArchive","Pool fechado"
"adminBulk.guideArchiveLabel","arquivado"
"adminBulk.guideBody","Gerencie os status dos pools aqui."
"adminBulk.guidePause","Geração pausada"
"adminBulk.guidePauseLabel","pausado"
"adminBulk.guideTitle","Controle"
"adminBulk.ownerQuotaNote","Cota do proprietário: {count}"
"adminBulk.pause","Pausar"
"adminBulk.poolOperations","POOLS"
"adminBulk.poolOwner","Proprietário do pool"
"adminBulk.searchPlaceholder","Pesquisar prefixo, proprietário ou domínio"
"adminBulk.selectOwnerPrefixDomain","Selecione proprietário, prefixo e domínio"
"adminBulk.statusActive","ativo"
"adminBulk.statusArchived","arquivado"
"adminBulk.statusPaused","pausado"
"adminBulk.subtitle","Geração em massa com substituição de cota em nome de usuários e controle de status de pool."
"adminBulk.title","Gerenciamento de pools em massa"
"adminBulk.viewForCsv","Ver CSV"
"app.accessOpened","Acesso ao endereço aberto"
"app.accountRail","Conta"
"app.accountSettings","Configurações da conta"
"app.addressCreatedPassworded","Endereço protegido por senha criado"
"app.addressCreatedReady","Novo endereço pronto"
"app.addressOpened","Endereço aberto"
"app.admin","Administrador"
"app.adminPanel","Painel administrativo"
"app.adminRequired","Acesso de administrador obrigatório"
"app.automationGuestHint","Gerencie chaves de API e webhooks a partir da sua conta registrada."
"app.automationGuestTitle","Entre para automação"
"app.automationRail","Automação"
"app.bodyPlaceholder","Escreva sua mensagem"
"app.brandSubtitle","Espaço de trabalho de e-mail temporário Mamak Studio"
"app.bulkAdminRail","Gerenciamento em massa"
"app.cancel","Cancelar"
"app.close","Fechar"
"app.composeBody","Corpo"
"app.composeFrom","De"
"app.composeSubject","Assunto"
"app.composeTitle","Novo e-mail"
"app.composeTo","Para"
"app.continue","Continuar"
"app.copyFail","Falha ao copiar"
"app.copySuccess","Copiado"
"app.deleted","Excluído"
"app.docsRail","Documentação"
"app.domains","Domínios"
"app.domainsRail","Domínios"
"app.domainsSubtitle","Os domínios disponíveis atualmente são listados abaixo."
"app.errorOccurred","Algo deu errado"
"app.guestContinue","Continuar como convidado"
"app.guestHint","Administrador: admin / admin123"
"app.guestMode","Convidado"
"app.guestModeDesc","Comece sem entrar"
"app.inbox","Caixa de entrada"
"app.loading","Carregando..."
"app.logout","Sair"
"app.mobileNavAria","Menu móvel"
"app.newMailToast","Novo e-mail: {sender}"
"app.noActiveDomains","Nenhum domínio ativo ainda."
"app.operationsRail","Operações"
"app.otpCopied","OTP: {otp}"
"app.otpCopyFail","Não foi possível copiar o OTP"
"app.passwordLabel","Senha"
"app.passwordPlaceholder","Senha"
"app.passwordRequiredSubtitle","{address} é protegido por senha"
"app.passwordRequiredTitle","Senha obrigatória"
"app.passwordSaved","Senha salva"
"app.preparing","Preparando {name}..."
"app.proFeatureAddresses","Criação ilimitada de endereços"
"app.proFeatureDomains","Suporte a domínio personalizado"
"app.proFeatureMailStorage","Armazenamento de 5000 e-mails"
"app.proFeatureRetention","Retenção de 365 dias"
"app.proFeatureWebhooks","Integração de webhook"
"app.proFeaturesTitle","Recursos do pacote Pro"
"app.proMessage","Mensagem (opcional)"
"app.proMessagePlaceholder","Por que você quer o Pro?"
"app.proRequestSubtitle","Torne-se um usuário Pro com aprovação do administrador"
"app.proRequestTitle","Atualizar para Pro"
"app.proRequested","Solicitação Pro enviada"
"app.proUpgrade","Virar Pro"
"app.recipientPlaceholder","destinatario@exemplo.com"
"app.reloadPage","Recarregar página"
"app.roleAdmin","Usuário administrador"
"app.roleFree","Usuário gratuito"
"app.rolePro","Usuário Pro"
"app.roleProPlus","Usuário Pro+"
"app.save","Salvar"
"app.send","Enviar"
"app.sent","Enviado"
"app.setPasswordSubtitle","Uma senha será exigida para acessos futuros"
"app.setPasswordTitle","Definir senha"
"app.signIn","Entrar"
"app.signUp","Cadastrar"
"app.subjectPlaceholder","Assunto"
"app.workspaceAria","Espaço de trabalho"
"auth.email","E-mail"
"auth.freePlan","Gratuito"
"auth.freePlanDesc","Crie uma conta gratuita"
"auth.guestContinue","Continuar como convidado"
"auth.guestMode","Convidado"
"auth.guestModeDesc","Comece sem entrar"
"auth.login","Entrar"
"auth.password","Senha"
"auth.proPlan","Pro"
"auth.proPlanDesc","Conta atualizada"
"auth.processing","Processando..."
"auth.register","Cadastrar"
"auth.subtitle","Permaneça como convidado, crie uma conta gratuita ou atualize para Pro."
"auth.title","E-mail temporário, menos spam."
"auth.username","Nome de usuário"
"automation.activate","Ativar"
"automation.active","ativo"
"automation.addWebhook","Adicionar webhook"
"automation.apiKey","Chave de API"
"automation.copy","Copiar"
"automation.createKey","Criar chave"
"automation.deactivate","Desativar"
"automation.events","Eventos"
"automation.eyebrow","CENTRO DE AUTOMAÇÃO"
"automation.hookNamePlaceholder","Eventos de produção"
"automation.hookUrlPlaceholder","https://exemplo.com/hooks/mail"
"automation.inactive","inativo"
"automation.keyNamePlaceholder","CUSTOM_TEMPMAIL_TOKEN"
"automation.lastUsed","Último uso"
"automation.master","MESTRE"
"automation.masterKey","Chave mestra (todos os escopos)"
"automation.name","Nome"
"automation.neverUsed","Nunca usada"
"automation.newSecret","Novo segredo — exibido apenas uma vez"
"automation.noHooks","Nenhum webhook ainda"
"automation.noKeys","Nenhuma chave de API ainda"
"automation.rateLimit","Limite de taxa (req/min)"
"automation.rateUnit","/min"
"automation.revoke","Revogar"
"automation.scopes","Escopos"
"automation.start","Iniciar"
"automation.stop","Parar"
"automation.subtitle","Conecte sistemas externos com chaves de API e destinos de webhook."
"automation.title","Centro de automação"
"automation.usageCount","{count} solicitações"
"automation.webhookTarget","Destino de notificação"
"bulk.accessDeniedBody","O acesso em massa exige pacote Pro/Pro+ e permissão de administrador."
"bulk.accessDeniedTitle","Acesso ao Bulk Studio desativado"
"bulk.activeRecords","registros ativos"
"bulk.addressesReady","{count} endereços prontos"
"bulk.adminOverride","substituição de administrador"
"bulk.continue","Continuar"
"bulk.continueAction","Continuar"
"bulk.continueFromIndex","O pool existente continua a partir do índice {index}"
"bulk.copy","Copiar"
"bulk.copyAll","Copiar tudo"
"bulk.createAddresses","Criar endereços"
"bulk.createFailed","Falha na criação"
"bulk.domainLabel","Domínio"
"bulk.downloadTxt","Baixar TXT"
"bulk.eyebrow","BULK STUDIO"
"bulk.firstAddress","Primeiro endereço"
"bulk.howMany","Quantos endereços?"
"bulk.lastAddress","Último endereço"
"bulk.livePreview","Pré-visualização ao vivo"
"bulk.loadPoolsFailed","Não foi possível carregar os pools"
"bulk.newPoolWillCreate","O novo pool gerará {count} endereços"
"bulk.newSeries","Nova série de endereços"
"bulk.noPools","Você ainda não criou um pool."
"bulk.openMails","Abrir e-mails"
"bulk.plan","Plano"
"bulk.poolMeta","{count} endereços · próximo #{index}"
"bulk.prefixInvalid","Formato de prefixo inválido"
"bulk.prefixLabel","Prefixo"
"bulk.prefixPlaceholder","exemplo"
"bulk.preparing","Preparando o Bulk Studio..."
"bulk.selectDomain","Selecionar domínio"
"bulk.startWith","Começar com um prefixo"
"bulk.subtitle","Crie e gerencie pools de endereços baseados em prefixo."
"bulk.successTarget","{prefix}_* @{domain}"
"bulk.title","Bulk Studio"
"bulk.yourPools","Seus pools"
"bulkInbox.colRecipient","Destinatário"
"bulkInbox.colSenderSubject","Remetente / Assunto"
"bulkInbox.colTime","Hora"
"bulkInbox.copyOtp","Copiar OTP"
"bulkInbox.loadFailed","Não foi possível carregar os e-mails"
"bulkInbox.loadOlder","Carregar e-mails mais antigos"
"bulkInbox.loading","Carregando..."
"bulkInbox.mailboxCount","{count} caixas de correio"
"bulkInbox.modalSubtitle","Caixa de entrada em massa · Todos os e-mails e códigos OTP das caixas do pool"
"bulkInbox.noMails","Nenhum e-mail recebido neste pool ainda"
"bulkInbox.noOtpMails","Nenhum e-mail contendo OTP"
"bulkInbox.noSubject","(Sem assunto)"
"bulkInbox.otpCopyFailed","Não foi possível copiar o OTP"
"bulkInbox.otpOnly","Apenas OTP"
"bulkInbox.preparing","Preparando a caixa de entrada em massa..."
"bulkInbox.refresh","Atualizar"
"bulkInbox.searchPlaceholder","Pesquisar destinatário, remetente ou assunto"
"bulkInbox.statText","{mails} e-mails · {otps} OTPs"
"bulkInbox.toolbarHint","Clique nos códigos OTP para copiar"
"bulkInbox.unknownSender","(desconhecido)"
"cmdk.actions","Ações"
"cmdk.copyAddress","Copiar endereço"
"cmdk.domains","Domínios"
"cmdk.empty","Sem resultados"
"cmdk.navigate","Ir para"
"cmdk.newAddress","Novo endereço aleatório"
"cmdk.search","Pesquisar ou executar um comando..."
"cmdk.themeDark","Tema escuro"
"cmdk.themeLight","Tema claro"
"docs.catApi","API E BOT"
"docs.catBulk","BULK STUDIO"
"docs.catMail","OPERAÇÕES DE E-MAIL"
"docs.catServer","SERVIDOR E DNS"
"docs.catStart","PRIMEIROS PASSOS"
"docs.cmdkHint","⌘K para pesquisa global"
"docs.codeCopied","Copiado"
"docs.codeCopy","Copiar"
"docs.codeExample","COMANDO DE EXEMPLO"
"docs.descApi","Fluxo de bot seguro e de baixo tráfego com CUSTOM_TEMPMAIL_TOKEN."
"docs.descBulk","Gere pools sequenciais de caixas de correio com um prefixo e propriedade clara."
"docs.descMail","Fluxo confiável da entrega do e-mail ao código de verificação."
"docs.descServer","Lista de verificação de operações para manter saudável o servidor que recebe e-mails."
"docs.descStart","Abra uma caixa de correio, obtenha o código de verificação e conclua o trabalho."
"docs.heroEyebrow","MANUAL DE OPERAÇÕES"
"docs.heroSignal","Contrato ao vivo"
"docs.heroSignalSub","Chave de API · OTP · tempo real"
"docs.heroSubtitle","Guia interno para operações de caixa de correio, API e servidor."
"docs.heroTitle","Resolva, consulte."
"docs.libraryAria","Tópicos de documentação"
"docs.noResult","Nenhum tópico correspondente encontrado."
"docs.noteApi","Uma chave padrão acessa apenas as caixas de correio do seu proprietário. A chave mestra de administrador acessa todos os endpoints de operação."
"docs.noteBulk","Usuários Pro/Pro+ precisam de permissão em massa do administrador. Administradores podem gerar em nome de usuários com substituição de cota."
"docs.noteLabel","Nota de operações"
"docs.noteMail","A lista de e-mails retorna como um array simples dentro do envelope de resposta; não há um segundo objeto de e-mails."
"docs.noteServer","No Coolify, a porta 25 é exposta diretamente; HTTP/HTTPS é servido via proxy."
"docs.noteStart","Se o mesmo endereço for solicitado novamente, o sistema retorna as informações existentes da caixa de correio em vez de um erro."
"docs.searchPlaceholder","Pesquisar chave de API, OTP, DNS, Bulk ou endpoint"
"docs.sideAutomationBody","Use `wait=25` e `after_id` para reduzir o tráfego de bot."
"docs.sideAutomationStrong","Long-poll recomendado"
"docs.sideAutomationTitle","AUTOMAÇÃO"
"docs.sideDeployBody","Porta 25, Docker Compose e etapas de DNS estão no guia do servidor."
"docs.sideDeployStrong","Pronto para Coolify"
"docs.sideDeployTitle","IMPLANTAÇÃO"
"docs.sideDomainBody","Administradores podem adicionar subdomínios a domínios ativos."
"docs.sideDomainStrong","Subdomínio suportado"
"docs.sideDomainTitle","DOMÍNIO"
"docs.stepApi1Body","Gere uma chave começando com tm_ selecionando os escopos necessários na tela de automação."
"docs.stepApi1Title","Criar uma chave"
"docs.stepApi2Body","A chave completa é mostrada apenas na criação; salve-a na variável de ambiente do seu bot."
"docs.stepApi2Title","Armazenar o segredo"
"docs.stepApi3Body","Aguarde com wait=25 até o e-mail chegar em vez de fazer polling completo a cada 2,5s."
"docs.stepApi3Title","Usar long-poll"
"docs.stepApi4Body","Leia apenas e-mails novos com after_id."
"docs.stepApi4Title","Manter o cursor"
"docs.stepBulk1Body","Ex.: escolher gork continua os endereços como gork_0, gork_1."
"docs.stepBulk1Title","Inserir um prefixo"
"docs.stepBulk2Body","Geração atômica entre 1 e 100; colisões são ignoradas."
"docs.stepBulk2Title","Escolher domínio e contagem"
"docs.stepBulk3Body","Escaneie e-mails e OTPs de todos os destinatários em um fluxo no pop-up da caixa de entrada em massa."
"docs.stepBulk3Title","Abrir o pool"
"docs.stepBulk4Body","O mesmo pool continua gerando a partir do próximo índice vazio."
"docs.stepBulk4Title","Continuar"
"docs.stepMail1Body","Domínio ativo e destinatário registrado são verificados; e-mail e anexos são armazenados permanentemente."
"docs.stepMail1Title","SMTP recebe"
"docs.stepMail2Body","Códigos BXS-AJ2, ABC-123, IRU-VO0 e numéricos clássicos são suportados."
"docs.stepMail2Title","OTP é escaneado"
"docs.stepMail3Body","© 2026, data/hora, pedido, rastreamento e números de referência são sinais de rejeição."
"docs.stepMail3Title","Falsos candidatos são filtrados"
"docs.stepMail4Body","Novos eventos de e-mail/OTP são enviados para canais Socket.io, SSE e webhook."
"docs.stepMail4Title","Evento é publicado"
"docs.stepServer1Body","mail.domain.tld deve apontar para o IP do servidor e o registro MX para este hostname."
"docs.stepServer1Title","Registros A e MX"
"docs.stepServer2Body","TCP 25 de entrada deve estar aberto para SMTP; o proxy da Cloudflare deve permanecer desativado."
"docs.stepServer2Title","Acesso à porta 25"
"docs.stepServer3Body","SPF, DKIM, DMARC e PTR melhoram a entregabilidade."
"docs.stepServer3Title","Registros de segurança"
"docs.stepServer4Body","Verifique com uma cópia do banco antes de implantar; as migrações são aditivas."
"docs.stepServer4Title","Proteger os dados"
"docs.stepStart1Body","Escolha um dos domínios ativos ou use um subdomínio adicionado pelo administrador."
"docs.stepStart1Title","Escolher um domínio"
"docs.stepStart2Body","Crie um endereço único ou um pool baseado em prefixo com o Bulk Studio."
"docs.stepStart2Title","Criar um endereço"
"docs.stepStart3Body","Veja novos e-mails pela caixa de entrada, SSE ou long-poll."
"docs.stepStart3Title","Receber o e-mail"
"docs.stepStart4Body","O código é detectado do assunto, texto e contexto HTML; copie-o diretamente."
"docs.stepStart4Title","Usar o OTP"
"docs.titleApi","Automação com chave de API"
"docs.titleBulk","Pools de prefixo"
"docs.titleMail","OTP, caixa de entrada e tempo real"
"docs.titleServer","SMTP, DNS e implantação"
"docs.titleStart","Início rápido"
"docs.topics","TÓPICOS"
"domains.noneTitle","Nenhum domínio ativo"
"domains.subdomainSupported","Subdomínio suportado"
"emailView.attachments","Anexos ({count})"
"emailView.copied","Copiado"
"emailView.copy","Copiar"
"emailView.date","Data"
"emailView.noContent","Sem conteúdo"
"emailView.otpCode","Código de verificação"
"emailView.reply","Responder"
"emailView.selectMail","Selecione um e-mail"
"emailView.selectMailHint","Escolha um e-mail na lista à esquerda para ver seu conteúdo."
"emailView.sender","De"
"emailView.subject","Assunto"
"emailView.subtitle","Conteúdo da mensagem e anexos"
"emailView.textMode","Texto"
"emailView.title","Detalhes do e-mail"
"errors.actionFailed","Falha na ação"
"errors.addressCreateFailed","Não foi possível criar o endereço"
"errors.sessionExpired","Sua sessão expirou, entre novamente"
"errors.wrongPassword","Senha incorreta"
"inbox.confirmDelete","Excluir este e-mail?"
"inbox.copyOtp","Copiar OTP"
"inbox.createAddressFirst","Crie um endereço primeiro"
"inbox.delete","Excluir"
"inbox.filters","Filtros"
"inbox.footerHint","Novos e-mails são exibidos nesta lista instantaneamente."
"inbox.footerTitle","Seus e-mails aparecerão aqui"
"inbox.live","Ao vivo"
"inbox.mailsWillAppear","Os e-mails recebidos aparecerão aqui."
"inbox.noMails","Nenhum e-mail ainda"
"inbox.noMailsHint","Novas mensagens aparecem aqui em tempo real."
"inbox.noResults","Nenhum resultado encontrado"
"inbox.noSubject","(Sem assunto)"
"inbox.otpBadge","OTP"
"inbox.refresh","Atualizar"
"inbox.searchPlaceholder","Pesquisar..."
"inbox.subtitle","Fluxo de mensagens ao vivo"
"inbox.title","Caixa de entrada"
"inbox.waiting","Aguardando"
"inbox.yesterday","Ontem"
"nav.admin","Administrador"
"nav.learn","Recursos"
"nav.mailbox","Caixa de correio"
"nav.scale","Escala"
"accountModal.tabs.addresses","Endereços"
"accountModal.tabsSubtitle.addresses","Tags e favoritos"
"accountModal.addressListTitle","Tags & Favoritos"
"accountModal.addressListHint","Marque seus endereços com tags e favoritos."
"accountModal.noAddresses","Ainda não há endereços."
