key,tr
"account.accountArea","Hesap Alanı"
"account.active","Aktif"
"account.address","Adres"
"account.confirmDeleteAddress","""{address}"" silinsin mi?"
"account.confirmRevokeSession","Bu oturum sonlandırılsın mı?"
"account.domain","Alan Adı"
"account.flashAddressDeleted","Adres silindi"
"account.flashAddressRenewed","Adres süresi yenilendi"
"account.flashAddressUpdated","Adres güncellendi"
"account.flashAvatarUpdated","Profil fotoğrafı güncellendi"
"account.flashCodeReady","Doğrulama kodu hazır"
"account.flashCodeRequired","Doğrulama kodu gerekli"
"account.flashEmailRequired","E-posta gerekli"
"account.flashEmailUnchanged","E-posta değişmedi"
"account.flashEmailUpdated","E-posta güncellendi"
"account.flashFavAdded","Favori domain eklendi"
"account.flashFavRemoved","Favori domain kaldırıldı"
"account.flashPasswordChanged","Şifre değiştirildi"
"account.flashPasswordFields","Şifre alanlarını doldurun"
"account.flashPasswordMismatch","Yeni şifreler eşleşmiyor"
"account.flashPrefsUpdated","Tercihler güncellendi"
"account.flashProfileUpdated","Profil güncellendi"
"account.flashSessionRevoked","Oturum kapatıldı"
"account.flashUsernameLocked","Kullanıcı adı sadece bir kez değiştirilebilir"
"account.flashUsernameRequired","Kullanıcı adı gerekli"
"account.guestDescription","Giriş yapmadan kullanabilirsiniz. Hesap açtığınızda profil, güvenlik ve tercih merkezine erişirsiniz."
"account.guestTitle","Misafir Kullanıcı"
"account.logout","Çıkış"
"account.mail","Mail"
"account.noHistory","Henüz adres geçmişi yok."
"account.noPassworded","Şifreli e-posta bulunmuyor."
"account.open","Açık"
"account.passwordedList","Tüm Şifreli E-Postalar"
"account.passwordedListHint","Şifreli açılan adresler"
"account.plan","Plan"
"account.ready","Hazır"
"account.recentUsed","Son Kullanılanlar"
"account.recentUsedHint","En son açtığın adresler"
"account.settings","Ayarlar"
"account.subtitle","Kısa durum, kullanım ve son hareketler"
"account.title","Hesap Özeti"
"account.usage","Kullanım"
"accountModal.accountNote","Hesap notu"
"accountModal.active","Aktif"
"accountModal.addressLimit","Adres limiti"
"accountModal.adminUnlimited","Admin yetkileri sınırsız görünür."
"accountModal.allPasswordedEmails","Tüm Şifreli E-Postalar"
"accountModal.allPasswordedEmpty","Şifreli e-posta bulunmuyor."
"accountModal.appearance","Görünüm"
"accountModal.billingUnit","Faturalama birimi"
"accountModal.changePassword","Şifre değiştir"
"accountModal.changePasswordNote","Şifre değişimi bu pencereden yapılır."
"accountModal.close","Kapat"
"accountModal.cooldownActive","Bekleme aktif"
"accountModal.currentPassword","Mevcut şifre"
"accountModal.currentSession","Bu oturum"
"accountModal.defaultDomain","Varsayılan domain"
"accountModal.displayName","Görünen ad"
"accountModal.editable","Değiştirilebilir"
"accountModal.email","E-posta"
"accountModal.emailChange","E-posta değişimi"
"accountModal.emailVerifyNote","E-posta değişikliği doğrulama kodu gerektirir."
"accountModal.expiring","Süresi dolan adresler"
"accountModal.expiringDesc","Kapanacak adresler için hatırlatma al."
"accountModal.favoriteAddress","Favori adres"
"accountModal.favoriteDomains","Favori domainler"
"accountModal.generalSubtitle","Popup içinde sık kullanılan ayarları hızlıca değiştir."
"accountModal.generalTitle","Görünüm ve varsayılanlar"
"accountModal.language","Dil"
"accountModal.lastActive","Son aktif"
"accountModal.limitsTitle","Kullanım ve Plan"
"accountModal.locked","Kilitli"
"accountModal.loginFail","Başarısız"
"accountModal.loginHistory","Giriş geçmişi"
"accountModal.loginSuccess","Başarılı"
"accountModal.mailCount","Mail sayısı"
"accountModal.mailRetention","Mail saklama süresi"
"accountModal.newMail","Yeni mail bildirimi"
"accountModal.newMailDesc","Yeni mesaj geldiğinde bildirim ver."
"accountModal.newPassword","Yeni şifre"
"accountModal.newPasswordRepeat","Yeni şifre tekrar"
"accountModal.noDomains","Domain yok."
"accountModal.noLoginHistory","Giriş geçmişi bulunmuyor."
"accountModal.noSessions","Aktif oturum bulunmuyor."
"accountModal.notificationPrefs","Bildirim tercihleri"
"accountModal.notificationSound","Bildirim sesi"
"accountModal.notifications","Bildirim tercihleri"
"accountModal.otp","OTP bildirimi"
"accountModal.otpNotification","OTP bildirimi"
"accountModal.otpNotificationDesc","Tek kullanımlık kodlar için özel uyarı göster."
"accountModal.packageLimits","Limitler paket bazlı gösterilir."
"accountModal.pendingEmail","Bekleyen e-posta"
"accountModal.planTitle","Plan"
"accountModal.preview","Önizle"
"accountModal.profilePhoto","Fotoğraf yükle"
"accountModal.profileSave","Profili kaydet"
"accountModal.profileTitle","Hesap bilgileri"
"accountModal.quickSave","Kaydet"
"accountModal.quickStatus","Hızlı durum"
"accountModal.quotaUsed","adres kotası kullanıldı"
"accountModal.ready","Hazır"
"accountModal.refresh","Yenile"
"accountModal.reset","Sıfırla"
"accountModal.retention","Mail Saklama Süresi"
"accountModal.retentionAndSound","Saklama ve ses"
"accountModal.securityAlerts","Güvenlik uyarıları"
"accountModal.securityAlertsDesc","Şüpheli girişler için haber ver."
"accountModal.securityStatus","Güvenlik durumu"
"accountModal.selectOption","Seçiniz"
"accountModal.sessionsCloseNote","sekmesinden girişleri kapatabilirsin."
"accountModal.sessionsHint","Açık cihazları buradan kapatabilirsin."
"accountModal.sessionsTitle","Aktif oturumlar"
"accountModal.statAddress","Adres"
"accountModal.statFavoriteDomain","Favori domain"
"accountModal.statMail","Mail"
"accountModal.subtitle","Düzenleme Merkezi"
"accountModal.suspicious","Şüpheli"
"accountModal.tabs.general","Genel"
"accountModal.tabs.preferences","Tercihler"
"accountModal.tabs.profile","Profil"
"accountModal.tabs.security","Güvenlik"
"accountModal.tabs.sessions","Oturumlar"
"accountModal.tabs.usage","Kullanım"
"accountModal.tabsSubtitle.general","Görünüm ve temel ayarlar"
"accountModal.tabsSubtitle.preferences","Bildirimler ve domainler"
"accountModal.tabsSubtitle.profile","Ad, e-posta ve fotoğraf"
"accountModal.tabsSubtitle.security","Şifre ve hesap koruması"
"accountModal.tabsSubtitle.sessions","Cihazlar ve girişler"
"accountModal.tabsSubtitle.usage","Plan ve kota bilgileri"
"accountModal.themeDark","Koyu"
"accountModal.themeLight","Açık"
"accountModal.themeSystem","Sistem"
"accountModal.tipBody","Ayarları kaydetmeden sekme değiştirebilirsin. Profil ve güvenlik bölümleri bu pencerede doğrudan çalışır."
"accountModal.tipTitle","İpucu"
"accountModal.title","Hesap Ayarları"
"accountModal.updatePassword","Şifreyi güncelle"
"accountModal.upgradeLimit","Limit Yükselt"
"accountModal.upgradeable","Yükseltilebilir"
"accountModal.used","Kullanıldı"
"accountModal.usedDomain","Kullanılan domain"
"accountModal.username","Kullanıcı adı"
"accountModal.usernameOnce","1 kez kullanılabilir"
"accountModal.usernameRight","Kullanıcı adı hakkı"
"addressBar.activeBadge","Aktif"
"addressBar.activeProtected","Adres aktif ve şifre korumalı"
"addressBar.activeReady","Adres aktif ve kullanıma hazır"
"addressBar.chooseDomain","Domain Seçin"
"addressBar.confirmRandomSubtitle","Bu işlem yeni bir adres üretir. Mevcut adres korunmaz."
"addressBar.confirmRandomTitle","Rastgele adres oluşturulsun mu?"
"addressBar.confirmRefreshSubtitle","Yeni bir adres oluşturulacak ve mevcut adresinizi değiştirecek."
"addressBar.confirmRefreshTitle","Adres yenilensin mi?"
"addressBar.copied","Kopyalandı"
"addressBar.copy","Kopyala"
"addressBar.domainsLoadError","Domain listesi alınamadı. Sayfayı yenileyin veya daha sonra tekrar deneyin."
"addressBar.hoursAgo","{n} sa"
"addressBar.justNow","az önce"
"addressBar.loadingAction","Hazırlanıyor..."
"addressBar.mainDomain","Ana Domain"
"addressBar.minutesAgo","{n} dk"
"addressBar.noDomain","Henüz domain yok"
"addressBar.noDomainsHint","Henüz domain eklenmemiş. Admin panelinden domain ekleyin."
"addressBar.noHistory","Henüz adres geçmişi yok."
"addressBar.noPassworded","Şifreli adres bulunmuyor."
"addressBar.noSubdomains","Henüz subdomain eklenmemiş"
"addressBar.openAddress","Bu Adresi Aç"
"addressBar.selectAddress","Seç"
"addressBar.passwordedBadge","Şifreli"
"addressBar.passwordedList","Tüm Şifreli E-Postalar"
"addressBar.protect","Şifre Koru"
"addressBar.random","Rastgele"
"addressBar.recentHint","En son açtığın adresler"
"addressBar.recentUsed","Son Kullanılanlar"
"addressBar.refresh","Yenile"
"addressBar.safeSubtitle","E-postalarınız anonim ve şifrelenmiş olarak alınır."
"addressBar.safeTitle","Hazır ve Güvende"
"addressBar.selected","Seçili"
"addressBar.subtitle","Adresiniz anında aktif olur, mailler aşağıdaki gelen kutusuna düşer."
"addressBar.title","Geçici E-Posta Adresiniz"
"admin.actions.addDomain","Yeni Domain Ekle"
"admin.actions.cleanup","Temizle"
"admin.actions.export","Dışa Aktar"
"admin.activity.addressCreated","Adres oluşturuldu"
"admin.activity.domainActive","Domain aktif"
"admin.activity.domainInactive","Domain pasif"
"admin.activity.requestApproved","İstek onaylandı"
"admin.activity.requestPending","İstek bekliyor"
"admin.activity.requestRejected","İstek reddedildi"
"admin.common.active","Aktif"
"admin.common.attachment","Ek"
"admin.common.closed","Kapalı"
"admin.common.copy","Kopyala"
"admin.common.copyOtp","OTP Kopyala"
"admin.common.htmlContent","(HTML içerik)"
"admin.common.no","Hayır"
"admin.common.noSubject","(Konu yok)"
"admin.common.open","Açık"
"admin.common.waiting","Bekliyor"
"admin.common.yes","Evet"
"admin.confirm.cleanupAddress","{address} için mail geçmişi temizlensin mi?"
"admin.confirm.cleanupAll","Tüm süresi dolmuş veriler temizlensin mi?"
"admin.confirm.deleteAddress","{address} kalıcı olarak silinsin mi?"
"admin.confirm.deleteDomain","{name} silinsin mi?"
"admin.confirm.deleteMail","Bu mail silinsin mi?"
"admin.confirm.deleteSubdomain","{name} subdomaini silinsin mi?"
"admin.detail.addressId","Adres ID"
"admin.detail.attachmentMails","Ekli mailler"
"admin.detail.autoCleanup","Otomatik temizlik"
"admin.detail.back","Geri"
"admin.detail.clearHistory","Geçmişi Temizle"
"admin.detail.clearMailHistory","Mail Geçmişini Temizle"
"admin.detail.copyAddress","Adresi Kopyala"
"admin.detail.created","Oluşturulma"
"admin.detail.currentStatus","Mevcut durum"
"admin.detail.deleteAddress","Adresi Sil"
"admin.detail.detectedVerification","Algılanan doğrulama"
"admin.detail.emptyMailboxSubtitle","Bu adrese henüz mail gelmedi."
"admin.detail.emptyMailboxTitle","Mailbox boş"
"admin.detail.generalInfo","Genel Bilgiler"
"admin.detail.incomingContent","Gelen içerik"
"admin.detail.incomingMails","Gelen Mailler"
"admin.detail.ipSession","IP / oturum"
"admin.detail.lastAccess","Son erişim"
"admin.detail.lastActivity","Son Aktivite"
"admin.detail.linkedDomain","Bağlı alan adı"
"admin.detail.noOtpSubtitle","Bu adrese gelen maillerde henüz OTP algılanmadı."
"admin.detail.noOtpTitle","OTP kaydı yok"
"admin.detail.notTracked","İzlenmiyor"
"admin.detail.openAccess","Açık erişim"
"admin.detail.otpCodes","OTP Kodları"
"admin.detail.otpCount","OTP sayısı"
"admin.detail.otpHistory","OTP Geçmişi"
"admin.detail.passwordProtected","Şifre korumalı"
"admin.detail.passwordProtection","Şifre koruması"
"admin.detail.retention","Saklama"
"admin.detail.retentionPeriod","Saklama süresi"
"admin.detail.securityActions","Güvenlik ve İşlemler"
"admin.detail.selectMailSubtitle","Detay görmek için tablodan göz ikonuna basın."
"admin.detail.selectMailTitle","Bir mail seçin"
"admin.detail.statistics","İstatistikler"
"admin.detail.status","Durum"
"admin.detail.subtitle","Mailbox denetimi ve geçmiş"
"admin.detail.totalOtpRecords","Toplam OTP kaydı"
"admin.detail.username","Kullanıcı adı"
"admin.dns.noteA","A kaydı hostname’i sunucu IP’sine yönlendirir"
"admin.dns.noteDkim","DKIM imza anahtarı"
"admin.dns.noteDmarc","DMARC politikası"
"admin.dns.noteMx","MX kaydı mail trafiğini bu hostname’e taşır"
"admin.dns.noteSpf","SPF gönderen sunucuyu yetkilendirir"
"admin.dns.noteVerification","Domain sahipliği doğrulaması"
"admin.errors.authRequired","Admin yetkisi gerekiyor"
"admin.errors.endpointMissing","Endpoint bulunamadı"
"admin.errors.ipRequired","Geçerli bir IP girin"
"admin.errors.mailDetailFailed","Mail detayı alınamadı"
"admin.errors.requestFailed","İstek başarısız"
"admin.flash.addressCleaned","Adres geçmişi temizlendi"
"admin.flash.addressDeleted","Adres silindi"
"admin.flash.allDnsCopied","Tüm DNS değerleri kopyalandı"
"admin.flash.bulkDisabled","Bulk erişimi kapatıldı"
"admin.flash.bulkEnabled","Bulk erişimi açıldı"
"admin.flash.cleanupDone","Temizlik tamamlandı"
"admin.flash.copied","Kopyalandı"
"admin.flash.copyFailed","Kopyalama başarısız"
"admin.flash.dnsRefreshed","DNS doğrulaması yenilendi"
"admin.flash.domainActivated","Domain aktifleştirildi"
"admin.flash.domainAdded","""{domain}"" eklendi"
"admin.flash.domainAddedWildcard"," (wildcard aktif)"
"admin.flash.domainDeactivated","Domain pasifleştirildi"
"admin.flash.domainDeleted","""{name}"" silindi"
"admin.flash.domainUpdated","Domain güncellendi"
"admin.flash.exported","Dışa aktarım indirildi"
"admin.flash.loginSuccess","Admin girişi başarılı"
"admin.flash.mailDeleted","Mail silindi"
"admin.flash.packageUpdated","Paket güncellendi"
"admin.flash.recordCopied","{title} kopyalandı"
"admin.flash.requestApproved","İstek onaylandı"
"admin.flash.requestRejected","İstek reddedildi"
"admin.flash.roleUpdated","Rol güncellendi"
"admin.flash.subdomainAdded","""{domain}"" subdomain eklendi"
"admin.flash.subdomainDeleted","""{name}"" subdomaini silindi"
"admin.flash.userActivated","Kullanıcı aktifleştirildi"
"admin.flash.userDeactivated","Kullanıcı pasifleştirildi"
"admin.hero.eyebrow","Kontrol merkezi"
"admin.hero.subtitle","MS Temp Mail sistem yönetimi, canlı istatistikler ve operasyon akışları."
"admin.hero.title","Admin Paneli"
"admin.login.defaultPassword","Varsayılan:"
"admin.login.loading","Kontrol ediliyor…"
"admin.login.passwordLabel","Admin şifresi"
"admin.login.submit","Giriş Yap"
"admin.login.subtitle","Yönetim yetkisiyle devam edin"
"admin.login.title","Admin Paneli"
"admin.mix.attachment","Ekli"
"admin.mix.normal","Normal"
"admin.stats.activeDomains","Aktif Domain"
"admin.stats.allTime","Tüm zamanlar"
"admin.stats.last24h","Son 24 Saat"
"admin.stats.newMessages","Yeni gelen mesaj"
"admin.stats.protectedCount","Şifreli: {count}"
"admin.stats.totalAddresses","Toplam Adres"
"admin.stats.totalDomains","Toplam: {count}"
"admin.stats.totalMail","Toplam Mail"
"admin.system.activeDomains","Aktif domainler"
"admin.system.adminSession","Admin oturumu"
"admin.system.cleanupPolicy","Temizlik politikası"
"admin.system.cleanupPolicyValue","Otomatik + manuel"
"admin.system.protectedMailbox","Şifreli mailbox"
"admin.system.smtpFlow","SMTP akışı"
"admin.table.action","İşlem"
"admin.table.date","Tarih"
"admin.table.sender","Gönderen"
"admin.table.subject","Konu"
"admin.table.tag","Etiket"
"admin.tabs.addresses","Adresler"
"admin.tabs.bulk","Bulk Havuzları"
"admin.tabs.dashboard","Dashboard"
"admin.tabs.domains","Domainler"
"admin.tabs.emails","Mailler"
"admin.tabs.requests","İstekler"
"admin.tabs.settings","Ayarlar"
"admin.tabs.users","Kullanıcılar"
"admin.ui.addr.active","Aktif Adres"
"admin.ui.addr.activeHint","Son erişim veya mail var"
"admin.ui.addr.all","Tüm Adresler"
"admin.ui.addr.clearFilter","Filtreyi Temizle"
"admin.ui.addr.colActions","İşlemler"
"admin.ui.addr.colActivity","Son Aktivite"
"admin.ui.addr.colCreated","Oluşturulma"
"admin.ui.addr.colDomain","Domain"
"admin.ui.addr.colEmail","E-posta Adresi"
"admin.ui.addr.colMailCount","Mail Sayısı"
"admin.ui.addr.colRetention","Saklama"
"admin.ui.addr.colStatus","Durum"
"admin.ui.addr.emptySubtitle","Arama ve filtreleri temizleyip tekrar deneyin."
"admin.ui.addr.emptyTitle","Adres bulunamadı"
"admin.ui.addr.expired","Süresi Dolan"
"admin.ui.addr.expiredHint","Temizlik bekleyen"
"admin.ui.addr.fActive","Aktif"
"admin.ui.addr.fDomain","Domain"
"admin.ui.addr.fExpired","Süresi doldu"
"admin.ui.addr.fIdle","Pasif"
"admin.ui.addr.fProtected","Şifreli"
"admin.ui.addr.fStatus","Durum"
"admin.ui.addr.next","Sonraki"
"admin.ui.addr.page","Sayfa {page} / {total}"
"admin.ui.addr.prev","Önceki"
"admin.ui.addr.protected","Şifre Korumalı"
"admin.ui.addr.protectedHint","Ek güvenlik açık"
"admin.ui.addr.searchPlaceholder","E-posta adresi ara..."
"admin.ui.addr.showingRange","{total} adresten {from}-{to} arası gösteriliyor"
"admin.ui.addr.sortDomain","Domain"
"admin.ui.addr.sortLastMail","Son aktivite"
"admin.ui.addr.sortNewest","Sırala: En yeni"
"admin.ui.addr.sortOldest","Sırala: En eski"
"admin.ui.addr.sortUsage","Kullanım sayısı"
"admin.ui.addr.total","Toplam Adres"
"admin.ui.addr.totalHint","Tüm mailbox kayıtları"
"admin.ui.bulk.accessOff","Kapalı"
"admin.ui.bulk.accessOn","Açık"
"admin.ui.bulk.activePool","Aktif Havuz"
"admin.ui.bulk.activePoolHint","Kullanıcıya bağlı prefix havuzları"
"admin.ui.bulk.authorizedUsers","Yetkili Kullanıcı"
"admin.ui.bulk.authorizedUsersHint","Yalnız Pro ve Pro+"
"admin.ui.bulk.colAccess","Yetki"
"admin.ui.bulk.colAddr","Adres"
"admin.ui.bulk.colLastGen","Son üretim"
"admin.ui.bulk.colOwner","Sahip"
"admin.ui.bulk.colPackage","Paket"
"admin.ui.bulk.colPool","Havuz"
"admin.ui.bulk.emptySubtitle","Yetki verdiğiniz Pro/Pro+ kullanıcılar burada havuz oluşturabilir."
"admin.ui.bulk.emptyTitle","Bulk havuzu bulunamadı"
"admin.ui.bulk.generatedAddr","Üretilen Adres"
"admin.ui.bulk.generatedAddrHint","Normal paket kotasına dahildir"
"admin.ui.bulk.pools","Bulk Havuzları ({count})"
"admin.ui.bulk.searchPlaceholder","Kullanıcı, prefix veya domain ara"
"admin.ui.dash.activityEmptySubtitle","Yeni işlemler burada görünecek."
"admin.ui.dash.activityEmptyTitle","Henüz aktivite yok"
"admin.ui.dash.colAction","İşlem"
"admin.ui.dash.colAddress","Adres"
"admin.ui.dash.colCreated","Oluşturulma"
"admin.ui.dash.colRecipient","Alıcı"
"admin.ui.dash.colStatus","Durum"
"admin.ui.dash.domainEmptySubtitle","Üstteki hızlı aksiyonla yeni domain ekleyin."
"admin.ui.dash.domainEmptyTitle","Henüz domain eklenmedi"
"admin.ui.dash.domainMgmt","Domain Yönetimi"
"admin.ui.dash.expiredAddr","Süresi Dolan Adres"
"admin.ui.dash.inactiveUsers","Pasif Kullanıcı"
"admin.ui.dash.mailMix","Mail Dağılımı"
"admin.ui.dash.mailsEmptySubtitle","Yeni mesajlar geldiğinde burada listelenecek."
"admin.ui.dash.mailsEmptyTitle","Henüz mail yok"
"admin.ui.dash.manageRequests","İstekleri Yönet"
"admin.ui.dash.mixEmptySubtitle","Mail geldikçe pasta grafik dolacak."
"admin.ui.dash.mixEmptyTitle","Dağılım verisi yok"
"admin.ui.dash.opsSummary","Operasyon özeti"
"admin.ui.dash.pendingPro","Bekleyen Pro İsteği"
"admin.ui.dash.protectedAddr","Şifreli Adres"
"admin.ui.dash.recentActivity","Son Aktiviteler"
"admin.ui.dash.recentMails","Son Mailler"
"admin.ui.dash.security","Güvenlik ve Temizlik"
"admin.ui.dash.systemStatus","Sistem Durumu"
"admin.ui.dash.tagIncoming","Gelen"
"admin.ui.dash.traffic","Mail Trafiği"
"admin.ui.dash.trafficEmptySubtitle","Mail geldikçe trafik burada belirecek."
"admin.ui.dash.trafficEmptyTitle","Grafik için veri yok"
"admin.ui.dash.viewAll","Tümünü Gör"
"admin.ui.dash.viewAllMails","Tüm mailleri görüntüle"
"admin.ui.dnsModal.aRecordCopied","A Record kopyalandı"
"admin.ui.dnsModal.addLabel","Ekleyin"
"admin.ui.dnsModal.close","Kapat"
"admin.ui.dnsModal.colAction","İşlem"
"admin.ui.dnsModal.colHost","Host"
"admin.ui.dnsModal.colType","Type"
"admin.ui.dnsModal.colValue","Value"
"admin.ui.dnsModal.copy","Kopyala"
"admin.ui.dnsModal.copyAll","Tümünü Kopyala"
"admin.ui.dnsModal.copyAllValues","Tüm Değerleri Kopyala"
"admin.ui.dnsModal.copyDomainName","Alan adını kopyala"
"admin.ui.dnsModal.dnsRecords","DNS Kayıtları"
"admin.ui.dnsModal.domainDesc","Seçilen alan adınız için gerekli DNS kayıtlarını aşağıda görebilirsiniz."
"admin.ui.dnsModal.domainName","Alan Adı"
"admin.ui.dnsModal.domainNameCopied","Alan adı kopyalandı"
"admin.ui.dnsModal.howToBody","Alan adınızın DNS paneline gidin ve yukarıdaki kayıtları eksiksiz şekilde ekleyin."
"admin.ui.dnsModal.howToTitle","Nasıl Kullanılır?"
"admin.ui.dnsModal.mxRecordCopied","MX Record kopyalandı"
"admin.ui.dnsModal.propagationBody","DNS değişiklikleri genellikle 5-60 dakika içinde yayılır."
"admin.ui.dnsModal.propagationTitle","Yayılma Süresi"
"admin.ui.dnsModal.recordStatus","Kayıt Durumu"
"admin.ui.dnsModal.refreshVerify","Doğrulamayı Yenile"
"admin.ui.dnsModal.serverIp","Sunucu IP"
"admin.ui.dnsModal.serverIpCopied","Sunucu IP kopyalandı"
"admin.ui.dnsModal.serverIpDesc","Tüm e-posta trafiği bu IP adresi üzerinden yönlendirilecektir."
"admin.ui.dnsModal.subtitle","Aşağıdaki DNS kayıtlarını alan adınız için ekleyin."
"admin.ui.dnsModal.title","DNS Kayıt Kurulumu"
"admin.ui.dnsModal.txtRecordCopied","TXT Record kopyalandı"
"admin.ui.dnsModal.verifyBody","Kayıtlar eklendikten sonra doğrulama işlemini yenileyebilirsiniz."
"admin.ui.dnsModal.verifyTitle","Doğrulama"
"admin.ui.dnsModal.wildcardCopied","Wildcard Subdomain DNS kayıtları kopyalandı"
"admin.ui.dnsModal.wildcardDesc","Subdomain desteği için aşağıdaki DNS kayıtlarını ekleyin. Bu kayıtlar ile *.domain.com şeklinde tüm alt domainler otomatik çalışır."
"admin.ui.dnsModal.wildcardNote","Not:"
"admin.ui.dnsModal.wildcardNoteBody","şeklindeki tüm subdomain'ler otomatik olarak çalışacaktır. Kullanıcılar istedikleri subdomain'i seçerek mail adresi oluşturabilir."
"admin.ui.dnsModal.wildcardTitle","Wildcard Subdomain DNS Kayıtları"
"admin.ui.domains.activate","Aktifleştir"
"admin.ui.domains.active","Aktif"
"admin.ui.domains.activeAddr","{count} aktif adres"
"admin.ui.domains.activeTotal","{active} aktif / {total} toplam"
"admin.ui.domains.add","Ekle"
"admin.ui.domains.addNew","Yeni Domain Ekle"
"admin.ui.domains.addrUnit","{count} adres"
"admin.ui.domains.cardSubtitle","Sistemdeki root domainleri yönetin ve alt domainleri tek panelden düzenleyin."
"admin.ui.domains.closeForm","Formu Kapat"
"admin.ui.domains.collapse","Daralt"
"admin.ui.domains.copy","Kopyala"
"admin.ui.domains.createdAt","Oluşturulma Tarihi"
"admin.ui.domains.deactivate","Pasifleştir"
"admin.ui.domains.delete","Sil"
"admin.ui.domains.docs","Domain Docs"
"admin.ui.domains.edit","Düzenle"
"admin.ui.domains.emptySubtitle","Yeni bir domain ekleyerek başlayın."
"admin.ui.domains.emptyTitle","Domain yok"
"admin.ui.domains.expand","Genişlet"
"admin.ui.domains.inactive","Pasif"
"admin.ui.domains.loadingSubdomains","Subdomainler yukleniyor..."
"admin.ui.domains.mxRecord","MX Kaydı"
"admin.ui.domains.noSubSubtitle","Yukarıdaki alanı kullanarak bu root domain için ilk subdomaini oluşturabilirsiniz."
"admin.ui.domains.noSubTitle","Henüz subdomain eklenmedi"
"admin.ui.domains.refresh","Yenile"
"admin.ui.domains.save","Kaydet"
"admin.ui.domains.serverIp","Sunucu IP"
"admin.ui.domains.subActive","{count} aktif"
"admin.ui.domains.subExample","Ornek: demo@{domain}"
"admin.ui.domains.subPlaceholder","Yeni subdomain ekle (örn: mail, gmail, temp)"
"admin.ui.domains.subSectionHint","Bu root domain altında alt domainler oluşturabilir ve yönetebilirsiniz."
"admin.ui.domains.subdomainCopied","Subdomain kopyalandı"
"admin.ui.domains.subdomains","Alt Domainler"
"admin.ui.domains.title","Domain Yönetimi"
"admin.ui.domains.totalActiveAddr","Toplam Aktif Adres"
"admin.ui.domains.wildcardActive","Wildcard Aktif"
"admin.ui.domains.wildcardEnabled","Aktif edildi"
"admin.ui.domains.wildcardHint","Aktif edilirse *.domain.com şeklinde alt domainler oluşturulabilir"
"admin.ui.domains.wildcardOff","Wildcard Kapalı"
"admin.ui.domains.wildcardRequired","Subdomain oluşturmak için önce wildcard desteğini açın."
"admin.ui.domains.wildcardSupport","Wildcard Desteği"
"admin.ui.domains.wildcardTitle","Wildcard Subdomain Desteği"
"admin.ui.editDomain.close","Kapat"
"admin.ui.editDomain.copy","Kopyala"
"admin.ui.editDomain.domain","Domain"
"admin.ui.editDomain.exampleBody","123.45.67.89"
"admin.ui.editDomain.exampleLabel","Örnek:"
"admin.ui.editDomain.noteBody","Sadece rakam ve nokta kabul edilir."
"admin.ui.editDomain.noteLabel","Not:"
"admin.ui.editDomain.save","Kaydet"
"admin.ui.editDomain.serverIp","Sunucu IP"
"admin.ui.editDomain.subtitle","IP adresini güncelleyin. Sistem A, MX ve TXT değerlerini otomatik yeniden üretir."
"admin.ui.editDomain.title","{domain} Domain Düzenle"
"admin.ui.editDomain.titleFallback","Domain Düzenle"
"admin.ui.editDomain.wildcardHint","Aktif edilirse *.domain.com şeklinde alt domainler oluşturulabilir"
"admin.ui.editDomain.wildcardTitle","Wildcard Subdomain Desteği"
"admin.ui.emails.all","Tüm Mailler ({count})"
"admin.ui.emails.colAction","İşlem"
"admin.ui.emails.colDate","Tarih"
"admin.ui.emails.colRecipient","Alıcı"
"admin.ui.emails.colSender","Gönderen"
"admin.ui.emails.colSubject","Konu"
"admin.ui.emails.colTag","Etiket"
"admin.ui.emails.copyOtp","OTP Kopyala"
"admin.ui.emails.detail","Mail Detayı"
"admin.ui.emails.detailEmptySubtitle","Detayı görmek için listedeki göz ikonuna basın."
"admin.ui.emails.detailEmptyTitle","Bir mail seçin"
"admin.ui.emails.emptySubtitle","Sistem mail almaya başladığında burada listelenecek."
"admin.ui.emails.emptyTitle","Henüz mail yok"
"admin.ui.emails.next","Sonraki"
"admin.ui.emails.page","Sayfa {page}"
"admin.ui.emails.prev","Önceki"
"admin.ui.emails.tagAttached","Ekli"
"admin.ui.emails.tagNormal","Normal"
"admin.ui.requests.alreadyPro","Zaten Pro"
"admin.ui.requests.approve","Onayla"
"admin.ui.requests.approved","Onaylandı"
"admin.ui.requests.emptySubtitle","Yeni Pro talepleri burada görünür."
"admin.ui.requests.emptyTitle","Bekleyen istek yok"
"admin.ui.requests.noMessage","Mesaj bırakılmadı."
"admin.ui.requests.pending","Bekliyor"
"admin.ui.requests.reject","Reddet"
"admin.ui.requests.rejected","Reddedildi"
"admin.ui.requests.title","Pro İstekleri ({count})"
"admin.ui.settings.activeDomainCount","Aktif Domain Sayısı"
"admin.ui.settings.adminAuth","Admin kimlik doğrulama"
"admin.ui.settings.adminAuthValue","JWT + parola fallback"
"admin.ui.settings.cleanupPolicy","Temizlik Politikası"
"admin.ui.settings.cleanupPolicyValue","Manuel + servis bazlı"
"admin.ui.settings.defaultRetention","Varsayılan Veri Saklama"
"admin.ui.settings.defaultRetentionValue","7 gün / yalnızca manuel tetikleme"
"admin.ui.settings.defaultSoundDesc","Katmanlı ve parlak bir chime efekti."
"admin.ui.settings.defaultSoundName","Glass Chime"
"admin.ui.settings.general","Genel Ayarlar"
"admin.ui.settings.logout","Admin Oturumunu Kapat"
"admin.ui.settings.mailVolume","Mail Hacmi"
"admin.ui.settings.notifSound","Bildirim Sesi"
"admin.ui.settings.opsSummary","Operasyon Özeti"
"admin.ui.settings.pendingRequests","Bekleyen İstek"
"admin.ui.settings.preview","Önizle"
"admin.ui.settings.protectedMailbox","Şifreli Mailbox"
"admin.ui.settings.refreshAll","Tüm Veriyi Yenile"
"admin.ui.settings.selectedSignal","Seçili Sinyal"
"admin.ui.settings.totalUsers","Toplam Kullanıcı"
"admin.ui.users.activate","Aktifleştir"
"admin.ui.users.active","Aktif"
"admin.ui.users.admin","Admin"
"admin.ui.users.adminPackage","Admin Package"
"admin.ui.users.bulkClose","Bulk Kapat"
"admin.ui.users.bulkOff","Kapalı"
"admin.ui.users.bulkOn","Açık"
"admin.ui.users.bulkOpen","Bulk Aç"
"admin.ui.users.colAction","İşlem"
"admin.ui.users.colAddr","Adres"
"admin.ui.users.colBulk","Bulk"
"admin.ui.users.colLastLogin","Son giriş"
"admin.ui.users.colMail","Mail"
"admin.ui.users.colRole","Rol"
"admin.ui.users.colStatus","Durum"
"admin.ui.users.colUser","Kullanıcı"
"admin.ui.users.deactivate","Pasifleştir"
"admin.ui.users.emptySubtitle","Kayıt olan kullanıcılar burada listelenir."
"admin.ui.users.emptyTitle","Kullanıcı bulunamadı"
"admin.ui.users.free","Free"
"admin.ui.users.inactive","Pasif"
"admin.ui.users.pools","{count} havuz"
"admin.ui.users.pro","Pro"
"admin.ui.users.proPlus","Pro+"
"admin.ui.users.title","Kullanıcılar ({count})"
"adminBulk.activate","Aktifleştir"
"adminBulk.activePools","Aktif havuz"
"adminBulk.addressCount","Adet"
"adminBulk.adminGeneration","Yönetici üretimi"
"adminBulk.allStatuses","Tüm durumlar"
"adminBulk.archive","Arşivle"
"adminBulk.eyebrow","ADMIN BULK CONTROL"
"adminBulk.generateFailed","Üretim başarısız"
"adminBulk.generateSuccess","{count} adres üretildi"
"adminBulk.generateWithOverride","Admin override ile üret"
"adminBulk.generating","Üretiliyor…"
"adminBulk.guideActive","Havuz açık, üretim sürebilir"
"adminBulk.guideActiveLabel","active"
"adminBulk.guideArchive","Havuz kapatıldı"
"adminBulk.guideArchiveLabel","archived"
"adminBulk.guideBody","Havuz durumlarını buradan yönetirsiniz."
"adminBulk.guidePause","Üretim duraklatıldı"
"adminBulk.guidePauseLabel","paused"
"adminBulk.guideTitle","Kontrol"
"adminBulk.ownerQuotaNote","Sahip kotası: {count}"
"adminBulk.pause","Duraklat"
"adminBulk.poolOperations","POOLS"
"adminBulk.poolOwner","Havuz sahibi"
"adminBulk.searchPlaceholder","Prefix, sahip veya domain ara"
"adminBulk.selectOwnerPrefixDomain","Sahip, prefix ve domain seçin"
"adminBulk.statusActive","active"
"adminBulk.statusArchived","archived"
"adminBulk.statusPaused","paused"
"adminBulk.subtitle","Kullanıcı adına kota override ile toplu üretim ve havuz durum kontrolü."
"adminBulk.title","Bulk Havuz Yönetimi"
"adminBulk.viewForCsv","CSV görüntüle"
"app.accessOpened","Adres erişimi açıldı"
"app.accountRail","Hesap"
"app.accountSettings","Hesap Ayarları"
"app.addressCreatedPassworded","Şifreli adres oluşturuldu"
"app.addressCreatedReady","Yeni adres hazır"
"app.addressOpened","Adres açıldı"
"app.admin","Admin"
"app.adminPanel","Admin Paneli"
"app.adminRequired","Admin yetkisi gerekiyor"
"app.automationGuestHint","API anahtarlarını ve webhook’ları kayıtlı hesabınızdan yönetebilirsiniz."
"app.automationGuestTitle","Otomasyon için giriş yapın"
"app.automationRail","Otomasyon"
"app.bodyPlaceholder","Mesajınızı yazın"
"app.brandSubtitle","Mamak Studio temporary mail workspace"
"app.bulkAdminRail","Bulk yönetimi"
"app.cancel","İptal"
"app.close","Kapat"
"app.composeBody","İçerik"
"app.composeFrom","Gönderen"
"app.composeSubject","Konu"
"app.composeTitle","Yeni Mail"
"app.composeTo","Alıcı"
"app.continue","Devam Et"
"app.copyFail","Kopyalama başarısız oldu"
"app.copySuccess","Kopyalandı"
"app.deleted","Silindi"
"app.docsRail","Dokümanlar"
"app.domains","Domains"
"app.domainsRail","Domainler"
"app.domainsSubtitle","Şu anda kullanılabilir alan adları aşağıda listeleniyor."
"app.errorOccurred","Bir hata oluştu"
"app.guestContinue","Hesapsız devam et"
"app.guestHint","Admin: admin / admin123"
"app.guestMode","Hesapsız"
"app.guestModeDesc","Giriş yapmadan başla"
"app.inbox","Inbox"
"app.loading","Yükleniyor..."
"app.logout","Çıkış Yap"
"app.mobileNavAria","Mobil menü"
"app.newMailToast","Yeni mail: {sender}"
"app.noActiveDomains","Henüz aktif domain yok."
"app.operationsRail","Operasyonlar"
"app.otpCopied","OTP: {otp}"
"app.otpCopyFail","OTP kopyalanamadı"
"app.passwordLabel","Şifre"
"app.passwordPlaceholder","Şifre"
"app.passwordRequiredSubtitle","{address} şifre korumalı"
"app.passwordRequiredTitle","Şifre Gerekli"
"app.passwordSaved","Şifre ayarlandı"
"app.preparing","{name} hazırlanıyor…"
"app.proFeatureAddresses","Sınırsız adres oluşturma"
"app.proFeatureDomains","Özel domain desteği"
"app.proFeatureMailStorage","5000 mail saklama"
"app.proFeatureRetention","365 gün saklama süresi"
"app.proFeatureWebhooks","Webhook entegrasyonu"
"app.proFeaturesTitle","Pro Paket Özellikleri"
"app.proMessage","Mesaj (opsiyonel)"
"app.proMessagePlaceholder","Neden Pro olmak istiyorsunuz?"
"app.proRequestSubtitle","Admin onayı ile Pro kullanıcı olun"
"app.proRequestTitle","Pro'ya Yükselt"
"app.proRequested","Pro isteği gönderildi"
"app.proUpgrade","Pro'ya Geç"
"app.recipientPlaceholder","alici@ornek.com"
"app.reloadPage","Sayfayı Yenile"
"app.roleAdmin","Admin Kullanıcı"
"app.roleFree","Free Kullanıcı"
"app.rolePro","Pro Kullanıcı"
"app.roleProPlus","Pro+ Kullanıcı"
"app.save","Kaydet"
"app.send","Gönder"
"app.sent","Gönderildi"
"app.setPasswordSubtitle","Sonraki erişimlerde şifre istenecek"
"app.setPasswordTitle","Şifre Belirle"
"app.signIn","Giriş Yap"
"app.signUp","Kayıt Ol"
"app.subjectPlaceholder","Konu"
"app.workspaceAria","Çalışma alanı"
"auth.email","Email"
"auth.freePlan","Free"
"auth.freePlanDesc","Ücretsiz hesap aç"
"auth.guestContinue","Hesapsız devam et"
"auth.guestMode","Hesapsız"
"auth.guestModeDesc","Giriş yapmadan başla"
"auth.login","Giriş Yap"
"auth.password","Şifre"
"auth.proPlan","Pro"
"auth.proPlanDesc","Yükseltilmiş hesap"
"auth.processing","⏳ İşleniyor..."
"auth.register","Kayıt Ol"
"auth.subtitle","Hesapsız kalabilir, ücretsiz hesap açabilir veya Pro'ya yükseltebilirsin."
"auth.title","Geçici e-posta, daha az spam."
"auth.username","Kullanıcı Adı"
"automation.activate","Aç"
"automation.active","aktif"
"automation.addWebhook","Webhook ekle"
"automation.apiKey","API anahtarı"
"automation.copy","Kopyala"
"automation.createKey","Anahtar oluştur"
"automation.deactivate","Kapat"
"automation.events","Olaylar"
"automation.eyebrow","AUTOMATION CENTER"
"automation.hookNamePlaceholder","Production events"
"automation.hookUrlPlaceholder","https://example.com/hooks/mail"
"automation.inactive","pasif"
"automation.keyNamePlaceholder","CUSTOM_TEMPMAIL_TOKEN"
"automation.lastUsed","Son kullanım"
"automation.master","MASTER"
"automation.masterKey","Master key (tüm izinler)"
"automation.name","İsim"
"automation.neverUsed","Hiç kullanılmadı"
"automation.newSecret","Yeni secret — yalnızca bir kez gösterilir"
"automation.noHooks","Henüz webhook yok"
"automation.noKeys","Henüz API anahtarı yok"
"automation.rateLimit","Rate limit (istek/dk)"
"automation.rateUnit","/dk"
"automation.revoke","İptal et"
"automation.scopes","İzinler"
"automation.start","Başlat"
"automation.stop","Durdur"
"automation.subtitle","API anahtarları ve webhook hedefleri ile dış sistemleri bağla."
"automation.title","Otomasyon Merkezi"
"automation.usageCount","{count} istek"
"automation.webhookTarget","Bildirim hedefi"
"bulk.accessDeniedBody","Bulk erişimi Pro/Pro+ paket ve admin yetkisi gerektirir."
"bulk.accessDeniedTitle","Bulk Studio erişimi kapalı"
"bulk.activeRecords","aktif kayıt"
"bulk.addressesReady","{count} adres hazır"
"bulk.adminOverride","admin override"
"bulk.continue","Devam et"
"bulk.continueAction","Devam et"
"bulk.continueFromIndex","Mevcut havuz {index}. indexten devam edecek"
"bulk.copy","Kopyala"
"bulk.copyAll","Tümünü kopyala"
"bulk.createAddresses","Adresleri oluştur"
"bulk.createFailed","Oluşturma başarısız"
"bulk.domainLabel","Domain"
"bulk.downloadTxt","TXT indir"
"bulk.eyebrow","BULK STUDIO"
"bulk.firstAddress","İlk adres"
"bulk.howMany","Kaç adres?"
"bulk.lastAddress","Son adres"
"bulk.livePreview","Canlı önizleme"
"bulk.loadPoolsFailed","Havuzlar alınamadı"
"bulk.newPoolWillCreate","Yeni havuz {count} adres üretecek"
"bulk.newSeries","Yeni adres serisi"
"bulk.noPools","Henüz bir havuz oluşturmadınız."
"bulk.openMails","Mailleri aç"
"bulk.plan","Plan"
"bulk.poolMeta","{count} adres · sonraki #{index}"
"bulk.prefixInvalid","Geçersiz prefix formatı"
"bulk.prefixLabel","Prefix"
"bulk.prefixPlaceholder","ornek"
"bulk.preparing","Bulk Studio hazırlanıyor…"
"bulk.selectDomain","Domain seç"
"bulk.startWith","Prefix ile başla"
"bulk.subtitle","Prefix tabanlı adres havuzları oluştur ve yönet."
"bulk.successTarget","{prefix}_* @{domain}"
"bulk.title","Bulk Studio"
"bulk.yourPools","Havuzların"
"bulkInbox.colRecipient","Alıcı"
"bulkInbox.colSenderSubject","Gönderen / Konu"
"bulkInbox.colTime","Zaman"
"bulkInbox.copyOtp","OTP kopyala"
"bulkInbox.loadFailed","Mailler alınamadı"
"bulkInbox.loadOlder","Daha eski mailler"
"bulkInbox.loading","Yükleniyor…"
"bulkInbox.mailboxCount","{count} mailbox"
"bulkInbox.modalSubtitle","Bulk Inbox · Havuzdaki tüm mailbox'lara gelen mailler ve OTP kodları"
"bulkInbox.noMails","Bu havuza henüz mail gelmedi"
"bulkInbox.noOtpMails","OTP içeren mail yok"
"bulkInbox.noSubject","(Konu yok)"
"bulkInbox.otpCopyFailed","OTP kopyalanamadı"
"bulkInbox.otpOnly","Yalnız OTP"
"bulkInbox.preparing","Bulk Inbox hazırlanıyor…"
"bulkInbox.refresh","Yenile"
"bulkInbox.searchPlaceholder","Alıcı, gönderen veya konu ara"
"bulkInbox.statText","{mails} mail · {otps} OTP"
"bulkInbox.toolbarHint","OTP kodlarına tıklayarak kopyalayın"
"bulkInbox.unknownSender","(bilinmiyor)"
"cmdk.actions","İşlemler"
"cmdk.copyAddress","Adresi kopyala"
"cmdk.domains","Domainler"
"cmdk.empty","Sonuç yok"
"cmdk.navigate","Git"
"cmdk.newAddress","Yeni rastgele adres"
"cmdk.search","Ara veya komut çalıştır…"
"cmdk.themeDark","Koyu tema"
"cmdk.themeLight","Açık tema"
"docs.catApi","API & BOT"
"docs.catBulk","BULK STUDIO"
"docs.catMail","MAIL OPERASYONLARI"
"docs.catServer","SUNUCU & DNS"
"docs.catStart","BAŞLANGIÇ"
"docs.cmdkHint","Global arama için ⌘K"
"docs.codeCopied","Kopyalandı"
"docs.codeCopy","Kopyala"
"docs.codeExample","ÖRNEK KOMUT"
"docs.descApi","CUSTOM_TEMPMAIL_TOKEN ile güvenli, düşük trafikli bot akışı."
"docs.descBulk","Bir prefix ile sıralı, sahipliği belli mailbox havuzu üretin."
"docs.descMail","Mail tesliminden doğrulama koduna uzanan güvenilir akış."
"docs.descServer","Mail kabul eden sunucunun sağlıklı çalışması için operasyon kontrol listesi."
"docs.descStart","Bir mailbox açın, doğrulama kodunu alın ve işi bitirin."
"docs.heroEyebrow","OPERATIONS HANDBOOK"
"docs.heroSignal","Canlı sözleşme"
"docs.heroSignalSub","API key · OTP · realtime"
"docs.heroSubtitle","Mailbox, API ve sunucu operasyonları için uygulama içi rehber."
"docs.heroTitle","İşi yap, yolu ara."
"docs.libraryAria","Doküman konuları"
"docs.noResult","Eşleşen konu bulunamadı."
"docs.noteApi","Standard key yalnız sahibinin mailbox’larına erişir. Admin master key tüm operasyon endpoint’lerine erişir."
"docs.noteBulk","Pro/Pro+ kullanıcıda admin bulk yetkisi gerekir. Admin kota override ile kullanıcı adına üretim yapabilir."
"docs.noteLabel","Operasyon notu"
"docs.noteMail","Mail listesi response envelope içindeki düz array olarak döner; ikinci bir emails objesi yoktur."
"docs.noteServer","Coolify için port 25 doğrudan expose edilir; HTTP/HTTPS ise proxy üzerinden sunulur."
"docs.noteStart","Aynı adres tekrar istenirse sistem hata yerine mevcut mailbox bilgisini döndürür."
"docs.searchPlaceholder","API key, OTP, DNS, Bulk veya endpoint ara"
"docs.sideAutomationBody","Bot trafiğini azaltmak için `wait=25` ve `after_id` kullanın."
"docs.sideAutomationStrong","Long-poll önerilir"
"docs.sideAutomationTitle","OTOMASYON"
"docs.sideDeployBody","Port 25, Docker Compose ve DNS adımları sunucu rehberinde."
"docs.sideDeployStrong","Coolify hazır"
"docs.sideDeployTitle","DEPLOYMENT"
"docs.sideDomainBody","Admin aktif domainlere subdomain ekleyebilir."
"docs.sideDomainStrong","Subdomain destekli"
"docs.sideDomainTitle","DOMAIN"
"docs.stepApi1Body","Otomasyon ekranından gerekli scope’ları seçerek tm_ ile başlayan key üretin."
"docs.stepApi1Title","Key oluşturun"
"docs.stepApi2Body","Tam key yalnız oluşturulduğu anda gösterilir; bot environment değişkenine kaydedin."
"docs.stepApi2Title","Secret’i saklayın"
"docs.stepApi3Body","2.5 sn tam polling yerine wait=25 ile mail gelene kadar bekleyin."
"docs.stepApi3Title","Long-poll kullanın"
"docs.stepApi4Body","after_id ile yalnız yeni mailleri okuyun."
"docs.stepApi4Title","Cursor saklayın"
"docs.stepBulk1Body","Örn. gork seçildiğinde adresler gork_0, gork_1 şeklinde sürer."
"docs.stepBulk1Title","Prefix girin"
"docs.stepBulk2Body","1–100 arası atomik üretim yapılır; çakışmalar atlanır."
"docs.stepBulk2Title","Domain ve adet seçin"
"docs.stepBulk3Body","Bulk Inbox popup’ında tüm alıcılara gelen mail ve OTP’leri tek akışta tarayın."
"docs.stepBulk3Title","Havuzu açın"
"docs.stepBulk4Body","Aynı havuz sonraki boş indexten üretmeye devam eder."
"docs.stepBulk4Title","Devam edin"
"docs.stepMail1Body","Aktif domain ve kayıtlı alıcı doğrulanır; mail ve ekler kalıcı saklanır."
"docs.stepMail1Title","SMTP alır"
"docs.stepMail2Body","BXS-AJ2, ABC-123, IRU-VO0 ve klasik sayı kodları desteklenir."
"docs.stepMail2Title","OTP taranır"
"docs.stepMail3Body","© 2026, tarih/saat, sipariş, takip ve referans numaraları red sinyalidir."
"docs.stepMail3Title","Yanlış adaylar elenir"
"docs.stepMail4Body","Socket.io, SSE ve webhook kanallarına yeni mail/OTP olayı gider."
"docs.stepMail4Title","Olay yayınlanır"
"docs.stepServer1Body","mail.domain.tld sunucu IP’sine, MX kaydı da bu hostname’e yönlenmelidir."
"docs.stepServer1Title","A ve MX kaydı"
"docs.stepServer2Body","SMTP için TCP 25 inbound açık olmalı; Cloudflare proxy kapalı kalmalıdır."
"docs.stepServer2Title","Port 25 erişimi"
"docs.stepServer3Body","SPF, DKIM, DMARC ve PTR teslim edilebilirliği yükseltir."
"docs.stepServer3Title","Güvenlik kayıtları"
"docs.stepServer4Body","Deploy öncesi DB kopyasıyla doğrulama yapın; migrationlar additive çalışır."
"docs.stepServer4Title","Veriyi koruyun"
"docs.stepStart1Body","Aktif domainlerden birini seçin veya adminin eklediği subdomaini kullanın."
"docs.stepStart1Title","Domain seçin"
"docs.stepStart2Body","Tek adres veya Bulk Studio ile prefix tabanlı havuz oluşturun."
"docs.stepStart2Title","Adres oluşturun"
"docs.stepStart3Body","Inbox, SSE veya long-poll üzerinden yeni maili görün."
"docs.stepStart3Title","Maili alın"
"docs.stepStart4Body","Kod subject, text ve HTML bağlamından algılanır; direkt kopyalayın."
"docs.stepStart4Title","OTP’yi kullanın"
"docs.titleApi","API key ile otomasyon"
"docs.titleBulk","Prefix havuzları"
"docs.titleMail","OTP, inbox ve realtime"
"docs.titleServer","SMTP, DNS ve deployment"
"docs.titleStart","Hızlı başlangıç"
"docs.topics","KONULAR"
"domains.noneTitle","Aktif domain yok"
"domains.subdomainSupported","Subdomain destekli"
"emailView.attachments","Ekler ({count})"
"emailView.copied","Kopyalandı"
"emailView.copy","Kopyala"
"emailView.date","Tarih"
"emailView.noContent","İçerik yok"
"emailView.otpCode","Doğrulama Kodu"
"emailView.reply","Yanıtla"
"emailView.selectMail","Bir e-posta seçin"
"emailView.selectMailHint","Lütfen soldaki listeden bir e-posta seçerek içeriğini görüntüleyin."
"emailView.sender","Gönderen"
"emailView.subject","Konu"
"emailView.subtitle","Mesaj içeriği ve ekler"
"emailView.textMode","Metin"
"emailView.title","E-posta Detayı"
"errors.actionFailed","İşlem başarısız"
"errors.addressCreateFailed","Adres oluşturulamadı"
"errors.sessionExpired","Oturum süreniz dolmuş, tekrar giriş yapın"
"errors.wrongPassword","Yanlış şifre"
"inbox.confirmDelete","Bu mail silinsin mi?"
"inbox.copyOtp","OTP kopyala"
"inbox.createAddressFirst","Önce bir adres oluşturun"
"inbox.delete","Sil"
"inbox.filters","Filtreler"
"inbox.footerHint","Yeni e-postalar anında bu listede görüntülenir."
"inbox.footerTitle","E-postalarınız burada görünecek"
"inbox.live","Canlı"
"inbox.mailsWillAppear","Gelen mailler burada görünecek."
"inbox.noMails","Henüz mail yok"
"inbox.noMailsHint","Yeni mesajlar anlık olarak burada görünür."
"inbox.noResults","Sonuç bulunamadı"
"inbox.noSubject","(Konu yok)"
"inbox.otpBadge","Doğrulama"
"inbox.refresh","Yenile"
"inbox.searchPlaceholder","Ara..."
"inbox.subtitle","Anlık mesaj akışı"
"inbox.title","Gelen Kutusu"
"inbox.waiting","Bekliyor"
"inbox.yesterday","Dün"
"nav.admin","Yönetim"
"nav.learn","Kaynaklar"
"nav.mailbox","Posta Kutusu"
"nav.scale","Ölçek"
"accountModal.tabs.addresses","Adresler"
"accountModal.tabsSubtitle.addresses","Etiket ve favoriler"
"accountModal.addressListTitle","Etiket ve Favoriler"
"accountModal.addressListHint","Adreslerine etiket ata, favorilere ekle."
"accountModal.noAddresses","Henüz adres yok."
